/*
SQLyog Ultimate - MySQL GUI v8.2 
MySQL - 5.1.42-community : Database - hmhs_elearning
*********************************************************************
*/

/*!40101 SET NAMES utf8 */;

/*!40101 SET SQL_MODE=''*/;

/*!40014 SET @OLD_UNIQUE_CHECKS=@@UNIQUE_CHECKS, UNIQUE_CHECKS=0 */;
/*!40014 SET @OLD_FOREIGN_KEY_CHECKS=@@FOREIGN_KEY_CHECKS, FOREIGN_KEY_CHECKS=0 */;
/*!40101 SET @OLD_SQL_MODE=@@SQL_MODE, SQL_MODE='NO_AUTO_VALUE_ON_ZERO' */;
/*!40111 SET @OLD_SQL_NOTES=@@SQL_NOTES, SQL_NOTES=0 */;
CREATE DATABASE /*!32312 IF NOT EXISTS*/`hmhs_elearning` /*!40100 DEFAULT CHARACTER SET latin1 */;

USE `hmhs_elearning`;

/*Table structure for table `choicetable` */

DROP TABLE IF EXISTS `choicetable`;

CREATE TABLE `choicetable` (
  `choiceid` int(11) NOT NULL AUTO_INCREMENT,
  `questionid` int(11) NOT NULL,
  `choicea` varchar(255) NOT NULL,
  `choiceb` varchar(255) NOT NULL,
  `choicec` varchar(255) NOT NULL,
  `choiced` varchar(255) NOT NULL,
  `imagea` varchar(255) NOT NULL,
  `imageb` varchar(255) NOT NULL,
  `imagec` varchar(255) NOT NULL,
  `imaged` varchar(255) NOT NULL,
  PRIMARY KEY (`choiceid`),
  KEY `FK_choicetable_questions_questionid` (`questionid`),
  CONSTRAINT `FK_choicetable_questions_questionid` FOREIGN KEY (`questionid`) REFERENCES `questions` (`questionid`)
) ENGINE=InnoDB DEFAULT CHARSET=latin1;

/*Data for the table `choicetable` */

/*Table structure for table `cor_progress` */

DROP TABLE IF EXISTS `cor_progress`;

CREATE TABLE `cor_progress` (
  `user_cpID` int(255) NOT NULL AUTO_INCREMENT,
  `userId` int(255) DEFAULT NULL,
  `posId` int(255) DEFAULT NULL,
  `status` enum('Completed','Pending','On-going') DEFAULT NULL,
  `datetime_start` datetime DEFAULT NULL,
  `datetime_end` datetime DEFAULT NULL,
  `courseId` int(11) DEFAULT NULL,
  `coursename` varchar(255) DEFAULT NULL,
  `isStart` int(1) DEFAULT NULL,
  `isFinish` int(1) DEFAULT NULL,
  PRIMARY KEY (`user_cpID`),
  KEY `FK_cor_progress_fcourse_courseId` (`courseId`),
  CONSTRAINT `FK_cor_progress_fcourse_courseId` FOREIGN KEY (`courseId`) REFERENCES `fcourse` (`id`)
) ENGINE=InnoDB AUTO_INCREMENT=15 DEFAULT CHARSET=latin1;

/*Data for the table `cor_progress` */

insert  into `cor_progress`(`user_cpID`,`userId`,`posId`,`status`,`datetime_start`,`datetime_end`,`courseId`,`coursename`,`isStart`,`isFinish`) values (1,97,62,'Completed','2017-07-20 04:06:28','2017-11-24 09:21:41',1,'Xea',1,1),(2,97,62,'Completed','2017-07-20 03:58:01','2017-11-24 09:22:31',2,'Billing Specialist',1,1),(3,97,62,'Pending',NULL,NULL,6,'1',NULL,NULL),(4,97,62,'Pending',NULL,NULL,7,'test',NULL,NULL),(5,97,62,'Pending',NULL,NULL,10,'ha',NULL,NULL),(6,97,62,'Pending',NULL,NULL,11,'ye',NULL,NULL),(7,97,62,'Pending',NULL,NULL,13,'updatecourse',NULL,NULL),(8,226,73,'On-going','2017-08-15 12:21:25',NULL,2,'Billing Specialist',1,0),(9,226,73,'On-going','2017-08-22 14:03:09',NULL,14,'On-Boarding',1,0),(10,97,62,'Completed','2017-08-23 14:31:24','2017-11-17 14:32:39',15,'NEW BILLING',1,1),(11,226,73,'On-going','2017-09-05 10:36:09',NULL,16,'test 2',1,NULL),(12,97,62,'On-going','2017-09-13 11:48:00',NULL,17,'Trial',1,0),(13,97,62,'Completed','2017-10-12 19:53:56','2017-10-12 19:59:41',19,'Testing #2',1,1),(14,97,62,'Completed','2017-10-12 21:15:39','2017-10-12 21:18:11',20,'Testing #3',1,1);

/*Table structure for table `counter` */

DROP TABLE IF EXISTS `counter`;

CREATE TABLE `counter` (
  `countId` int(11) NOT NULL AUTO_INCREMENT,
  `filler` varchar(255) NOT NULL,
  PRIMARY KEY (`countId`)
) ENGINE=InnoDB DEFAULT CHARSET=latin1;

/*Data for the table `counter` */

/*Table structure for table `coursemodule` */

DROP TABLE IF EXISTS `coursemodule`;

CREATE TABLE `coursemodule` (
  `id` int(11) NOT NULL AUTO_INCREMENT,
  `modulename` varchar(255) NOT NULL,
  `courseid` int(11) NOT NULL,
  `moduleid` int(11) NOT NULL,
  PRIMARY KEY (`id`),
  KEY `FK_coursemodule_fcourse_courseid` (`courseid`),
  KEY `FK_coursemodule_modules_moduleid` (`moduleid`),
  CONSTRAINT `FK_coursemodule_fcourse_courseid` FOREIGN KEY (`courseid`) REFERENCES `fcourse` (`id`),
  CONSTRAINT `FK_coursemodule_modules_moduleid` FOREIGN KEY (`moduleid`) REFERENCES `modules` (`id`)
) ENGINE=InnoDB AUTO_INCREMENT=32 DEFAULT CHARSET=latin1;

/*Data for the table `coursemodule` */

insert  into `coursemodule`(`id`,`modulename`,`courseid`,`moduleid`) values (31,'Billing new',2,33);

/*Table structure for table `courseposition` */

DROP TABLE IF EXISTS `courseposition`;

CREATE TABLE `courseposition` (
  `id` int(11) NOT NULL AUTO_INCREMENT,
  `positionname` varchar(255) NOT NULL,
  `coursename` varchar(255) NOT NULL,
  `courseid` int(11) DEFAULT NULL,
  `jobid` int(11) DEFAULT NULL,
  `image` varchar(255) NOT NULL,
  `imagebg` varchar(255) DEFAULT NULL,
  `imagetheme` varchar(255) DEFAULT NULL,
  PRIMARY KEY (`id`),
  KEY `FK_courseposition_fcourse_courseid` (`courseid`),
  CONSTRAINT `FK_courseposition_fcourse_courseid` FOREIGN KEY (`courseid`) REFERENCES `fcourse` (`id`)
) ENGINE=InnoDB AUTO_INCREMENT=21 DEFAULT CHARSET=latin1;

/*Data for the table `courseposition` */

insert  into `courseposition`(`id`,`positionname`,`coursename`,`courseid`,`jobid`,`image`,`imagebg`,`imagetheme`) values (4,'HR Engagement Associate','test',4,80,'attachment/img/323.jpeg','rgb(158,87,87)','rgb(158,87,87)'),(5,'Data Entry Specialist','xxxxxxxxxxxxxxxxxx',5,26,'attachment/img/325.jpeg','rgb(0,0,0)','rgb(0,0,0)'),(20,'Billing Specialist','Billing Specialist',2,62,'attachment/img/220.jpeg','rgb(228,173,173)','rgb(228,173,173)');

/*Table structure for table `courseposition_all` */

DROP TABLE IF EXISTS `courseposition_all`;

CREATE TABLE `courseposition_all` (
  `id` int(11) NOT NULL AUTO_INCREMENT,
  `positionname` varchar(255) NOT NULL,
  `coursename` varchar(255) NOT NULL,
  `courseid` int(11) DEFAULT NULL,
  `jobid` int(11) DEFAULT NULL,
  `image` varchar(255) NOT NULL,
  `imagebg` varchar(255) DEFAULT NULL,
  `imagetheme` varchar(255) DEFAULT NULL,
  PRIMARY KEY (`id`),
  KEY `FK_courseposition_all_fcourse_courseid` (`courseid`),
  CONSTRAINT `FK_courseposition_all_fcourse_courseid` FOREIGN KEY (`courseid`) REFERENCES `fcourse` (`id`)
) ENGINE=InnoDB AUTO_INCREMENT=501 DEFAULT CHARSET=latin1;

/*Data for the table `courseposition_all` */

insert  into `courseposition_all`(`id`,`positionname`,`coursename`,`courseid`,`jobid`,`image`,`imagebg`,`imagetheme`) values (1,'Human Resource Associate Recruitment','',3,1,'','rgb(201,231,189)','rgb(201,231,189)'),(2,'Senior Human Resource Specialist','',3,2,'','rgb(201,231,189)','rgb(201,231,189)'),(3,'Human Resources/MIS Manager','',3,3,'','rgb(201,231,189)','rgb(201,231,189)'),(4,'Quality Assurance Manager','',3,4,'','rgb(201,231,189)','rgb(201,231,189)'),(5,'Quality Assurance Assistant','',3,5,'','rgb(201,231,189)','rgb(201,231,189)'),(6,'Post Medical Coordinator','',3,6,'','rgb(201,231,189)','rgb(201,231,189)'),(7,'Examining Physician','',3,7,'','rgb(201,231,189)','rgb(201,231,189)'),(8,'Accounting Assistant  - Credit & Collection','',3,8,'','rgb(201,231,189)','rgb(201,231,189)'),(9,'Cashier','',3,9,'','rgb(201,231,189)','rgb(201,231,189)'),(10,'Medical Operations Manager','',3,10,'','rgb(201,231,189)','rgb(201,231,189)'),(11,'Technical Support & Network','',3,11,'','rgb(201,231,189)','rgb(201,231,189)'),(12,'Staff Nurse','',3,12,'','rgb(201,231,189)','rgb(201,231,189)'),(13,'Encoder','',3,13,'','rgb(201,231,189)','rgb(201,231,189)'),(14,'P.E Encoder','',3,14,'','rgb(201,231,189)','rgb(201,231,189)'),(15,'DAAT Encoder','',3,15,'','rgb(201,231,189)','rgb(201,231,189)'),(16,'Dentist','',3,16,'','rgb(201,231,189)','rgb(201,231,189)'),(17,'Dental Encoder','',3,17,'','rgb(201,231,189)','rgb(201,231,189)'),(18,'Senior Processing Physician','',3,18,'','rgb(201,231,189)','rgb(201,231,189)'),(19,'Follow-Up Physician','',3,19,'','rgb(201,231,189)','rgb(201,231,189)'),(20,'Medical Secretary','',3,20,'','rgb(201,231,189)','rgb(201,231,189)'),(21,'CCL Nurse','',3,21,'','rgb(201,231,189)','rgb(201,231,189)'),(22,'Optomerist / OIC Testing','',3,22,'','rgb(201,231,189)','rgb(201,231,189)'),(23,'Chief X-ray Technologist Supervisor','',3,23,'','rgb(201,231,189)','rgb(201,231,189)'),(24,'Radiologic Technologist','',3,24,'','rgb(201,231,189)','rgb(201,231,189)'),(25,'Radiologic Technician','',3,25,'','rgb(201,231,189)','rgb(201,231,189)'),(26,'Data Entry Specialist','',3,26,'','rgb(201,231,189)','rgb(201,231,189)'),(27,'CS Officer','',3,27,'','rgb(201,231,189)','rgb(201,231,189)'),(28,'PEME Account Specialist','',3,28,'','rgb(201,231,189)','rgb(201,231,189)'),(29,'Front Desk Personnel','',3,29,'','rgb(201,231,189)','rgb(201,231,189)'),(30,'Follow-up Receptionist','',3,30,'','rgb(201,231,189)','rgb(201,231,189)'),(31,'Psychologist','',3,31,'','rgb(201,231,189)','rgb(201,231,189)'),(32,'Psychometrician','',3,32,'','rgb(201,231,189)','rgb(201,231,189)'),(33,'Follow-Up Nurse','',3,33,'','rgb(201,231,189)','rgb(201,231,189)'),(34,'Senior Medical Technologist','',3,34,'','rgb(201,231,189)','rgb(201,231,189)'),(35,'Medical Technologist','',3,35,'','rgb(201,231,189)','rgb(201,231,189)'),(36,'Laboratory Technician','',3,36,'','rgb(201,231,189)','rgb(201,231,189)'),(37,'Laboratory Clerk','',3,37,'','rgb(201,231,189)','rgb(201,231,189)'),(38,'Phlebotomist','',3,38,'','rgb(201,231,189)','rgb(201,231,189)'),(39,'President','',3,39,'','rgb(201,231,189)','rgb(201,231,189)'),(40,'Company Driver','',3,40,'','rgb(201,231,189)','rgb(201,231,189)'),(41,'Utility Personnel','',3,41,'','rgb(201,231,189)','rgb(201,231,189)'),(42,'Post Medical Doctor','',3,42,'','rgb(201,231,189)','rgb(201,231,189)'),(43,'Security Personnel','',3,43,'','rgb(201,231,189)','rgb(201,231,189)'),(44,'Purchasing Assistant','',3,44,'','rgb(201,231,189)','rgb(201,231,189)'),(45,'Inventory Clerk','',3,45,'','rgb(201,231,189)','rgb(201,231,189)'),(46,'IT Associate','',3,46,'','rgb(201,231,189)','rgb(201,231,189)'),(47,'IT Technical Support Assistant','',3,47,'','rgb(201,231,189)','rgb(201,231,189)'),(48,'Systems Analyst','',3,48,'','rgb(201,231,189)','rgb(201,231,189)'),(49,'Senior Front Desk Personnel','',3,49,'','rgb(201,231,189)','rgb(201,231,189)'),(50,'OIC Follow-Up Receptionist','',3,50,'','rgb(201,231,189)','rgb(201,231,189)'),(51,'Accounting Supervisor','',3,51,'','rgb(201,231,189)','rgb(201,231,189)'),(52,'Medical Director','',3,52,'','rgb(201,231,189)','rgb(201,231,189)'),(53,'Inventory Planner & Analyst','',3,53,'','rgb(201,231,189)','rgb(201,231,189)'),(54,'Maintenance Personnel','',3,54,'','rgb(201,231,189)','rgb(201,231,189)'),(55,'Accounting Staff','',3,55,'','rgb(201,231,189)','rgb(201,231,189)'),(56,'Senior Accounting Specialist','',3,56,'','rgb(201,231,189)','rgb(201,231,189)'),(57,'Documentation OIC','',3,57,'','rgb(201,231,189)','rgb(201,231,189)'),(58,'Receiving Receptionist Supervisor','',3,58,'','rgb(201,231,189)','rgb(201,231,189)'),(59,'IT Technical Support Specialist','',3,59,'','rgb(201,231,189)','rgb(201,231,189)'),(60,'HR Career & Development Associate','',3,60,'','rgb(201,231,189)','rgb(201,231,189)'),(61,'Liaison Processor','',3,61,'','rgb(201,231,189)','rgb(201,231,189)'),(63,'HR Manager','',3,63,'','rgb(201,231,189)','rgb(201,231,189)'),(64,'Processing Nurse','',3,64,'','rgb(201,231,189)','rgb(201,231,189)'),(65,'Physical Therapist','',3,65,'','rgb(201,231,189)','rgb(201,231,189)'),(66,'Accounting Assistant - Payables','',3,66,'','rgb(201,231,189)','rgb(201,231,189)'),(67,'Testing Nurse','',3,67,'','rgb(201,231,189)','rgb(201,231,189)'),(68,'Releasing Officer','',3,68,'','rgb(201,231,189)','rgb(201,231,189)'),(69,'Quality Control Specialist','',3,69,'','rgb(201,231,189)','rgb(201,231,189)'),(70,'Documentation Supervisor','',3,70,'','rgb(201,231,189)','rgb(201,231,189)'),(71,'System Analyst & System Administrator','',3,71,'','rgb(201,231,189)','rgb(201,231,189)'),(74,'Laboratory Encoder','',3,74,'','rgb(201,231,189)','rgb(201,231,189)'),(75,'History Nurse','',3,75,'','rgb(201,231,189)','rgb(201,231,189)'),(76,'2D Echo Technician','',3,76,'','rgb(201,231,189)','rgb(201,231,189)'),(77,'Credit & Collection Specialist','',3,77,'','rgb(201,231,189)','rgb(201,231,189)'),(78,'PE Doctor','',3,78,'','rgb(201,231,189)','rgb(201,231,189)'),(79,'Front Desk Personnel Supervisor','',3,79,'','rgb(201,231,189)','rgb(201,231,189)'),(81,'HR Talent & Acquisition Associate','',3,81,'','rgb(201,231,189)','rgb(201,231,189)'),(82,'Sr Processing Physician','',3,82,'','rgb(201,231,189)','rgb(201,231,189)'),(83,'Testing Supervisor','',3,83,'','rgb(201,231,189)','rgb(201,231,189)'),(84,'Visual Assistant Nurse','',3,84,'','rgb(201,231,189)','rgb(201,231,189)'),(85,'Follow-Up Reception Supervisor','',3,85,'','rgb(201,231,189)','rgb(201,231,189)'),(86,'Admin Manager','',3,86,'','rgb(201,231,189)','rgb(201,231,189)'),(87,'Senior Accounting Specialist','',3,87,'','rgb(201,231,189)','rgb(201,231,189)'),(88,'Liason Supervisor','',3,88,'','rgb(201,231,189)','rgb(201,231,189)'),(89,'Profiler','',3,89,'','rgb(201,231,189)','rgb(201,231,189)'),(90,'OPTOMETRIST','',3,90,'','rgb(201,231,189)','rgb(201,231,189)'),(91,'MEDICAL COORDINATOR','',3,91,'','rgb(201,231,189)','rgb(201,231,189)'),(92,'DOCUMENTATION SUPERVISOR','',3,92,'','rgb(201,231,189)','rgb(201,231,189)'),(93,'MEDICAL COORDINATOR','',3,93,'','rgb(201,231,189)','rgb(201,231,189)'),(94,'MEDICAL COORDINATOR','',3,94,'','rgb(201,231,189)','rgb(201,231,189)'),(95,'Medical Coordinator','',3,95,'','rgb(201,231,189)','rgb(201,231,189)'),(96,'DOCUMENTATION ENCODER','',3,96,'','rgb(201,231,189)','rgb(201,231,189)'),(97,'PROCESSING PHYSICIAN','',3,97,'','rgb(201,231,189)','rgb(201,231,189)'),(98,'LABORATORY TECHNOLOGY','',3,98,'','rgb(201,231,189)','rgb(201,231,189)'),(99,'visual nurse','',3,99,'','rgb(201,231,189)','rgb(201,231,189)'),(100,'X-RAY TECHNICIAN','',3,100,'','rgb(201,231,189)','rgb(201,231,189)'),(101,'Human Resource Associate Recruitment','Billing Specialist',2,1,'attachment/img/220.jpeg','rgb(228,173,173)','rgb(228,173,173)'),(102,'Senior Human Resource Specialist','Billing Specialist',2,2,'attachment/img/220.jpeg','rgb(228,173,173)','rgb(228,173,173)'),(103,'Human Resources/MIS Manager','Billing Specialist',2,3,'attachment/img/220.jpeg','rgb(228,173,173)','rgb(228,173,173)'),(104,'Quality Assurance Manager','Billing Specialist',2,4,'attachment/img/220.jpeg','rgb(228,173,173)','rgb(228,173,173)'),(105,'Quality Assurance Assistant','Billing Specialist',2,5,'attachment/img/220.jpeg','rgb(228,173,173)','rgb(228,173,173)'),(106,'Post Medical Coordinator','Billing Specialist',2,6,'attachment/img/220.jpeg','rgb(228,173,173)','rgb(228,173,173)'),(107,'Examining Physician','Billing Specialist',2,7,'attachment/img/220.jpeg','rgb(228,173,173)','rgb(228,173,173)'),(108,'Accounting Assistant  - Credit & Collection','Billing Specialist',2,8,'attachment/img/220.jpeg','rgb(228,173,173)','rgb(228,173,173)'),(109,'Cashier','Billing Specialist',2,9,'attachment/img/220.jpeg','rgb(228,173,173)','rgb(228,173,173)'),(110,'Medical Operations Manager','Billing Specialist',2,10,'attachment/img/220.jpeg','rgb(228,173,173)','rgb(228,173,173)'),(111,'Technical Support & Network','Billing Specialist',2,11,'attachment/img/220.jpeg','rgb(228,173,173)','rgb(228,173,173)'),(112,'Staff Nurse','Billing Specialist',2,12,'attachment/img/220.jpeg','rgb(228,173,173)','rgb(228,173,173)'),(113,'Encoder','Billing Specialist',2,13,'attachment/img/220.jpeg','rgb(228,173,173)','rgb(228,173,173)'),(114,'P.E Encoder','Billing Specialist',2,14,'attachment/img/220.jpeg','rgb(228,173,173)','rgb(228,173,173)'),(115,'DAAT Encoder','Billing Specialist',2,15,'attachment/img/220.jpeg','rgb(228,173,173)','rgb(228,173,173)'),(116,'Dentist','Billing Specialist',2,16,'attachment/img/220.jpeg','rgb(228,173,173)','rgb(228,173,173)'),(117,'Dental Encoder','Billing Specialist',2,17,'attachment/img/220.jpeg','rgb(228,173,173)','rgb(228,173,173)'),(118,'Senior Processing Physician','Billing Specialist',2,18,'attachment/img/220.jpeg','rgb(228,173,173)','rgb(228,173,173)'),(119,'Follow-Up Physician','Billing Specialist',2,19,'attachment/img/220.jpeg','rgb(228,173,173)','rgb(228,173,173)'),(120,'Medical Secretary','Billing Specialist',2,20,'attachment/img/220.jpeg','rgb(228,173,173)','rgb(228,173,173)'),(121,'CCL Nurse','Billing Specialist',2,21,'attachment/img/220.jpeg','rgb(228,173,173)','rgb(228,173,173)'),(122,'Optomerist / OIC Testing','Billing Specialist',2,22,'attachment/img/220.jpeg','rgb(228,173,173)','rgb(228,173,173)'),(123,'Chief X-ray Technologist Supervisor','Billing Specialist',2,23,'attachment/img/220.jpeg','rgb(228,173,173)','rgb(228,173,173)'),(124,'Radiologic Technologist','Billing Specialist',2,24,'attachment/img/220.jpeg','rgb(228,173,173)','rgb(228,173,173)'),(125,'Radiologic Technician','Billing Specialist',2,25,'attachment/img/220.jpeg','rgb(228,173,173)','rgb(228,173,173)'),(126,'Data Entry Specialist','Billing Specialist',2,26,'attachment/img/220.jpeg','rgb(228,173,173)','rgb(228,173,173)'),(127,'CS Officer','Billing Specialist',2,27,'attachment/img/220.jpeg','rgb(228,173,173)','rgb(228,173,173)'),(128,'PEME Account Specialist','Billing Specialist',2,28,'attachment/img/220.jpeg','rgb(228,173,173)','rgb(228,173,173)'),(129,'Front Desk Personnel','Billing Specialist',2,29,'attachment/img/220.jpeg','rgb(228,173,173)','rgb(228,173,173)'),(130,'Follow-up Receptionist','Billing Specialist',2,30,'attachment/img/220.jpeg','rgb(228,173,173)','rgb(228,173,173)'),(131,'Psychologist','Billing Specialist',2,31,'attachment/img/220.jpeg','rgb(228,173,173)','rgb(228,173,173)'),(132,'Psychometrician','Billing Specialist',2,32,'attachment/img/220.jpeg','rgb(228,173,173)','rgb(228,173,173)'),(133,'Follow-Up Nurse','Billing Specialist',2,33,'attachment/img/220.jpeg','rgb(228,173,173)','rgb(228,173,173)'),(134,'Senior Medical Technologist','Billing Specialist',2,34,'attachment/img/220.jpeg','rgb(228,173,173)','rgb(228,173,173)'),(135,'Medical Technologist','Billing Specialist',2,35,'attachment/img/220.jpeg','rgb(228,173,173)','rgb(228,173,173)'),(136,'Laboratory Technician','Billing Specialist',2,36,'attachment/img/220.jpeg','rgb(228,173,173)','rgb(228,173,173)'),(137,'Laboratory Clerk','Billing Specialist',2,37,'attachment/img/220.jpeg','rgb(228,173,173)','rgb(228,173,173)'),(138,'Phlebotomist','Billing Specialist',2,38,'attachment/img/220.jpeg','rgb(228,173,173)','rgb(228,173,173)'),(139,'President','Billing Specialist',2,39,'attachment/img/220.jpeg','rgb(228,173,173)','rgb(228,173,173)'),(140,'Company Driver','Billing Specialist',2,40,'attachment/img/220.jpeg','rgb(228,173,173)','rgb(228,173,173)'),(141,'Utility Personnel','Billing Specialist',2,41,'attachment/img/220.jpeg','rgb(228,173,173)','rgb(228,173,173)'),(142,'Post Medical Doctor','Billing Specialist',2,42,'attachment/img/220.jpeg','rgb(228,173,173)','rgb(228,173,173)'),(143,'Security Personnel','Billing Specialist',2,43,'attachment/img/220.jpeg','rgb(228,173,173)','rgb(228,173,173)'),(144,'Purchasing Assistant','Billing Specialist',2,44,'attachment/img/220.jpeg','rgb(228,173,173)','rgb(228,173,173)'),(145,'Inventory Clerk','Billing Specialist',2,45,'attachment/img/220.jpeg','rgb(228,173,173)','rgb(228,173,173)'),(146,'IT Associate','Billing Specialist',2,46,'attachment/img/220.jpeg','rgb(228,173,173)','rgb(228,173,173)'),(147,'IT Technical Support Assistant','Billing Specialist',2,47,'attachment/img/220.jpeg','rgb(228,173,173)','rgb(228,173,173)'),(148,'Systems Analyst','Billing Specialist',2,48,'attachment/img/220.jpeg','rgb(228,173,173)','rgb(228,173,173)'),(149,'Senior Front Desk Personnel','Billing Specialist',2,49,'attachment/img/220.jpeg','rgb(228,173,173)','rgb(228,173,173)'),(150,'OIC Follow-Up Receptionist','Billing Specialist',2,50,'attachment/img/220.jpeg','rgb(228,173,173)','rgb(228,173,173)'),(151,'Accounting Supervisor','Billing Specialist',2,51,'attachment/img/220.jpeg','rgb(228,173,173)','rgb(228,173,173)'),(152,'Medical Director','Billing Specialist',2,52,'attachment/img/220.jpeg','rgb(228,173,173)','rgb(228,173,173)'),(153,'Inventory Planner & Analyst','Billing Specialist',2,53,'attachment/img/220.jpeg','rgb(228,173,173)','rgb(228,173,173)'),(154,'Maintenance Personnel','Billing Specialist',2,54,'attachment/img/220.jpeg','rgb(228,173,173)','rgb(228,173,173)'),(155,'Accounting Staff','Billing Specialist',2,55,'attachment/img/220.jpeg','rgb(228,173,173)','rgb(228,173,173)'),(156,'Senior Accounting Specialist','Billing Specialist',2,56,'attachment/img/220.jpeg','rgb(228,173,173)','rgb(228,173,173)'),(157,'Documentation OIC','Billing Specialist',2,57,'attachment/img/220.jpeg','rgb(228,173,173)','rgb(228,173,173)'),(158,'Receiving Receptionist Supervisor','Billing Specialist',2,58,'attachment/img/220.jpeg','rgb(228,173,173)','rgb(228,173,173)'),(159,'IT Technical Support Specialist','Billing Specialist',2,59,'attachment/img/220.jpeg','rgb(228,173,173)','rgb(228,173,173)'),(160,'HR Career & Development Associate','Billing Specialist',2,60,'attachment/img/220.jpeg','rgb(228,173,173)','rgb(228,173,173)'),(161,'Liaison Processor','Billing Specialist',2,61,'attachment/img/220.jpeg','rgb(228,173,173)','rgb(228,173,173)'),(163,'HR Manager','Billing Specialist',2,63,'attachment/img/220.jpeg','rgb(228,173,173)','rgb(228,173,173)'),(164,'Processing Nurse','Billing Specialist',2,64,'attachment/img/220.jpeg','rgb(228,173,173)','rgb(228,173,173)'),(165,'Physical Therapist','Billing Specialist',2,65,'attachment/img/220.jpeg','rgb(228,173,173)','rgb(228,173,173)'),(166,'Accounting Assistant - Payables','Billing Specialist',2,66,'attachment/img/220.jpeg','rgb(228,173,173)','rgb(228,173,173)'),(167,'Testing Nurse','Billing Specialist',2,67,'attachment/img/220.jpeg','rgb(228,173,173)','rgb(228,173,173)'),(168,'Releasing Officer','Billing Specialist',2,68,'attachment/img/220.jpeg','rgb(228,173,173)','rgb(228,173,173)'),(169,'Quality Control Specialist','Billing Specialist',2,69,'attachment/img/220.jpeg','rgb(228,173,173)','rgb(228,173,173)'),(170,'Documentation Supervisor','Billing Specialist',2,70,'attachment/img/220.jpeg','rgb(228,173,173)','rgb(228,173,173)'),(171,'System Analyst & System Administrator','Billing Specialist',2,71,'attachment/img/220.jpeg','rgb(228,173,173)','rgb(228,173,173)'),(174,'Laboratory Encoder','Billing Specialist',2,74,'attachment/img/220.jpeg','rgb(228,173,173)','rgb(228,173,173)'),(175,'History Nurse','Billing Specialist',2,75,'attachment/img/220.jpeg','rgb(228,173,173)','rgb(228,173,173)'),(176,'2D Echo Technician','Billing Specialist',2,76,'attachment/img/220.jpeg','rgb(228,173,173)','rgb(228,173,173)'),(177,'Credit & Collection Specialist','Billing Specialist',2,77,'attachment/img/220.jpeg','rgb(228,173,173)','rgb(228,173,173)'),(178,'PE Doctor','Billing Specialist',2,78,'attachment/img/220.jpeg','rgb(228,173,173)','rgb(228,173,173)'),(179,'Front Desk Personnel Supervisor','Billing Specialist',2,79,'attachment/img/220.jpeg','rgb(228,173,173)','rgb(228,173,173)'),(180,'HR Engagement Associate','Billing Specialist',2,80,'attachment/img/220.jpeg','rgb(228,173,173)','rgb(228,173,173)'),(181,'HR Talent & Acquisition Associate','Billing Specialist',2,81,'attachment/img/220.jpeg','rgb(228,173,173)','rgb(228,173,173)'),(182,'Sr Processing Physician','Billing Specialist',2,82,'attachment/img/220.jpeg','rgb(228,173,173)','rgb(228,173,173)'),(183,'Testing Supervisor','Billing Specialist',2,83,'attachment/img/220.jpeg','rgb(228,173,173)','rgb(228,173,173)'),(184,'Visual Assistant Nurse','Billing Specialist',2,84,'attachment/img/220.jpeg','rgb(228,173,173)','rgb(228,173,173)'),(185,'Follow-Up Reception Supervisor','Billing Specialist',2,85,'attachment/img/220.jpeg','rgb(228,173,173)','rgb(228,173,173)'),(186,'Admin Manager','Billing Specialist',2,86,'attachment/img/220.jpeg','rgb(228,173,173)','rgb(228,173,173)'),(187,'Senior Accounting Specialist','Billing Specialist',2,87,'attachment/img/220.jpeg','rgb(228,173,173)','rgb(228,173,173)'),(188,'Liason Supervisor','Billing Specialist',2,88,'attachment/img/220.jpeg','rgb(228,173,173)','rgb(228,173,173)'),(189,'Profiler','Billing Specialist',2,89,'attachment/img/220.jpeg','rgb(228,173,173)','rgb(228,173,173)'),(190,'OPTOMETRIST','Billing Specialist',2,90,'attachment/img/220.jpeg','rgb(228,173,173)','rgb(228,173,173)'),(191,'MEDICAL COORDINATOR','Billing Specialist',2,91,'attachment/img/220.jpeg','rgb(228,173,173)','rgb(228,173,173)'),(192,'DOCUMENTATION SUPERVISOR','Billing Specialist',2,92,'attachment/img/220.jpeg','rgb(228,173,173)','rgb(228,173,173)'),(193,'MEDICAL COORDINATOR','Billing Specialist',2,93,'attachment/img/220.jpeg','rgb(228,173,173)','rgb(228,173,173)'),(194,'MEDICAL COORDINATOR','Billing Specialist',2,94,'attachment/img/220.jpeg','rgb(228,173,173)','rgb(228,173,173)'),(195,'Medical Coordinator','Billing Specialist',2,95,'attachment/img/220.jpeg','rgb(228,173,173)','rgb(228,173,173)'),(196,'DOCUMENTATION ENCODER','Billing Specialist',2,96,'attachment/img/220.jpeg','rgb(228,173,173)','rgb(228,173,173)'),(197,'PROCESSING PHYSICIAN','Billing Specialist',2,97,'attachment/img/220.jpeg','rgb(228,173,173)','rgb(228,173,173)'),(198,'LABORATORY TECHNOLOGY','Billing Specialist',2,98,'attachment/img/220.jpeg','rgb(228,173,173)','rgb(228,173,173)'),(199,'visual nurse','Billing Specialist',2,99,'attachment/img/220.jpeg','rgb(228,173,173)','rgb(228,173,173)'),(200,'X-RAY TECHNICIAN','Billing Specialist',2,100,'attachment/img/220.jpeg','rgb(228,173,173)','rgb(228,173,173)'),(401,'Human Resource Associate Recruitment','Testing #2',19,1,'attachment/img/22.jpeg','rgb(,,)','rgb(,,)'),(402,'Senior Human Resource Specialist','Testing #2',19,2,'attachment/img/22.jpeg','rgb(,,)','rgb(,,)'),(403,'Human Resources/MIS Manager','Testing #2',19,3,'attachment/img/22.jpeg','rgb(,,)','rgb(,,)'),(404,'Quality Assurance Manager','Testing #2',19,4,'attachment/img/22.jpeg','rgb(,,)','rgb(,,)'),(405,'Quality Assurance Assistant','Testing #2',19,5,'attachment/img/22.jpeg','rgb(,,)','rgb(,,)'),(406,'Post Medical Coordinator','Testing #2',19,6,'attachment/img/22.jpeg','rgb(,,)','rgb(,,)'),(407,'Examining Physician','Testing #2',19,7,'attachment/img/22.jpeg','rgb(,,)','rgb(,,)'),(408,'Accounting Assistant  - Credit & Collection','Testing #2',19,8,'attachment/img/22.jpeg','rgb(,,)','rgb(,,)'),(409,'Cashier','Testing #2',19,9,'attachment/img/22.jpeg','rgb(,,)','rgb(,,)'),(410,'Medical Operations Manager','Testing #2',19,10,'attachment/img/22.jpeg','rgb(,,)','rgb(,,)'),(411,'Technical Support & Network','Testing #2',19,11,'attachment/img/22.jpeg','rgb(,,)','rgb(,,)'),(412,'Staff Nurse','Testing #2',19,12,'attachment/img/22.jpeg','rgb(,,)','rgb(,,)'),(413,'Encoder','Testing #2',19,13,'attachment/img/22.jpeg','rgb(,,)','rgb(,,)'),(414,'P.E Encoder','Testing #2',19,14,'attachment/img/22.jpeg','rgb(,,)','rgb(,,)'),(415,'DAAT Encoder','Testing #2',19,15,'attachment/img/22.jpeg','rgb(,,)','rgb(,,)'),(416,'Dentist','Testing #2',19,16,'attachment/img/22.jpeg','rgb(,,)','rgb(,,)'),(417,'Dental Encoder','Testing #2',19,17,'attachment/img/22.jpeg','rgb(,,)','rgb(,,)'),(418,'Senior Processing Physician','Testing #2',19,18,'attachment/img/22.jpeg','rgb(,,)','rgb(,,)'),(419,'Follow-Up Physician','Testing #2',19,19,'attachment/img/22.jpeg','rgb(,,)','rgb(,,)'),(420,'Medical Secretary','Testing #2',19,20,'attachment/img/22.jpeg','rgb(,,)','rgb(,,)'),(421,'CCL Nurse','Testing #2',19,21,'attachment/img/22.jpeg','rgb(,,)','rgb(,,)'),(422,'Optomerist / OIC Testing','Testing #2',19,22,'attachment/img/22.jpeg','rgb(,,)','rgb(,,)'),(423,'Chief X-ray Technologist Supervisor','Testing #2',19,23,'attachment/img/22.jpeg','rgb(,,)','rgb(,,)'),(424,'Radiologic Technologist','Testing #2',19,24,'attachment/img/22.jpeg','rgb(,,)','rgb(,,)'),(425,'Radiologic Technician','Testing #2',19,25,'attachment/img/22.jpeg','rgb(,,)','rgb(,,)'),(426,'Data Entry Specialist','Testing #2',19,26,'attachment/img/22.jpeg','rgb(,,)','rgb(,,)'),(427,'CS Officer','Testing #2',19,27,'attachment/img/22.jpeg','rgb(,,)','rgb(,,)'),(428,'PEME Account Specialist','Testing #2',19,28,'attachment/img/22.jpeg','rgb(,,)','rgb(,,)'),(429,'Front Desk Personnel','Testing #2',19,29,'attachment/img/22.jpeg','rgb(,,)','rgb(,,)'),(430,'Follow-up Receptionist','Testing #2',19,30,'attachment/img/22.jpeg','rgb(,,)','rgb(,,)'),(431,'Psychologist','Testing #2',19,31,'attachment/img/22.jpeg','rgb(,,)','rgb(,,)'),(432,'Psychometrician','Testing #2',19,32,'attachment/img/22.jpeg','rgb(,,)','rgb(,,)'),(433,'Follow-Up Nurse','Testing #2',19,33,'attachment/img/22.jpeg','rgb(,,)','rgb(,,)'),(434,'Senior Medical Technologist','Testing #2',19,34,'attachment/img/22.jpeg','rgb(,,)','rgb(,,)'),(435,'Medical Technologist','Testing #2',19,35,'attachment/img/22.jpeg','rgb(,,)','rgb(,,)'),(436,'Laboratory Technician','Testing #2',19,36,'attachment/img/22.jpeg','rgb(,,)','rgb(,,)'),(437,'Laboratory Clerk','Testing #2',19,37,'attachment/img/22.jpeg','rgb(,,)','rgb(,,)'),(438,'Phlebotomist','Testing #2',19,38,'attachment/img/22.jpeg','rgb(,,)','rgb(,,)'),(439,'President','Testing #2',19,39,'attachment/img/22.jpeg','rgb(,,)','rgb(,,)'),(440,'Company Driver','Testing #2',19,40,'attachment/img/22.jpeg','rgb(,,)','rgb(,,)'),(441,'Utility Personnel','Testing #2',19,41,'attachment/img/22.jpeg','rgb(,,)','rgb(,,)'),(442,'Post Medical Doctor','Testing #2',19,42,'attachment/img/22.jpeg','rgb(,,)','rgb(,,)'),(443,'Security Personnel','Testing #2',19,43,'attachment/img/22.jpeg','rgb(,,)','rgb(,,)'),(444,'Purchasing Assistant','Testing #2',19,44,'attachment/img/22.jpeg','rgb(,,)','rgb(,,)'),(445,'Inventory Clerk','Testing #2',19,45,'attachment/img/22.jpeg','rgb(,,)','rgb(,,)'),(446,'IT Associate','Testing #2',19,46,'attachment/img/22.jpeg','rgb(,,)','rgb(,,)'),(447,'IT Technical Support Assistant','Testing #2',19,47,'attachment/img/22.jpeg','rgb(,,)','rgb(,,)'),(448,'Systems Analyst','Testing #2',19,48,'attachment/img/22.jpeg','rgb(,,)','rgb(,,)'),(449,'Senior Front Desk Personnel','Testing #2',19,49,'attachment/img/22.jpeg','rgb(,,)','rgb(,,)'),(450,'OIC Follow-Up Receptionist','Testing #2',19,50,'attachment/img/22.jpeg','rgb(,,)','rgb(,,)'),(451,'Accounting Supervisor','Testing #2',19,51,'attachment/img/22.jpeg','rgb(,,)','rgb(,,)'),(452,'Medical Director','Testing #2',19,52,'attachment/img/22.jpeg','rgb(,,)','rgb(,,)'),(453,'Inventory Planner & Analyst','Testing #2',19,53,'attachment/img/22.jpeg','rgb(,,)','rgb(,,)'),(454,'Maintenance Personnel','Testing #2',19,54,'attachment/img/22.jpeg','rgb(,,)','rgb(,,)'),(455,'Accounting Staff','Testing #2',19,55,'attachment/img/22.jpeg','rgb(,,)','rgb(,,)'),(456,'Senior Accounting Specialist','Testing #2',19,56,'attachment/img/22.jpeg','rgb(,,)','rgb(,,)'),(457,'Documentation OIC','Testing #2',19,57,'attachment/img/22.jpeg','rgb(,,)','rgb(,,)'),(458,'Receiving Receptionist Supervisor','Testing #2',19,58,'attachment/img/22.jpeg','rgb(,,)','rgb(,,)'),(459,'IT Technical Support Specialist','Testing #2',19,59,'attachment/img/22.jpeg','rgb(,,)','rgb(,,)'),(460,'HR Career & Development Associate','Testing #2',19,60,'attachment/img/22.jpeg','rgb(,,)','rgb(,,)'),(461,'Liaison Processor','Testing #2',19,61,'attachment/img/22.jpeg','rgb(,,)','rgb(,,)'),(463,'HR Manager','Testing #2',19,63,'attachment/img/22.jpeg','rgb(,,)','rgb(,,)'),(464,'Processing Nurse','Testing #2',19,64,'attachment/img/22.jpeg','rgb(,,)','rgb(,,)'),(465,'Physical Therapist','Testing #2',19,65,'attachment/img/22.jpeg','rgb(,,)','rgb(,,)'),(466,'Accounting Assistant - Payables','Testing #2',19,66,'attachment/img/22.jpeg','rgb(,,)','rgb(,,)'),(467,'Testing Nurse','Testing #2',19,67,'attachment/img/22.jpeg','rgb(,,)','rgb(,,)'),(468,'Releasing Officer','Testing #2',19,68,'attachment/img/22.jpeg','rgb(,,)','rgb(,,)'),(469,'Quality Control Specialist','Testing #2',19,69,'attachment/img/22.jpeg','rgb(,,)','rgb(,,)'),(470,'Documentation Supervisor','Testing #2',19,70,'attachment/img/22.jpeg','rgb(,,)','rgb(,,)'),(471,'System Analyst & System Administrator','Testing #2',19,71,'attachment/img/22.jpeg','rgb(,,)','rgb(,,)'),(473,'Courier / Maintanance Personnel','Testing #2',19,73,'attachment/img/22.jpeg','rgb(,,)','rgb(,,)'),(474,'Laboratory Encoder','Testing #2',19,74,'attachment/img/22.jpeg','rgb(,,)','rgb(,,)'),(475,'History Nurse','Testing #2',19,75,'attachment/img/22.jpeg','rgb(,,)','rgb(,,)'),(476,'2D Echo Technician','Testing #2',19,76,'attachment/img/22.jpeg','rgb(,,)','rgb(,,)'),(477,'Credit & Collection Specialist','Testing #2',19,77,'attachment/img/22.jpeg','rgb(,,)','rgb(,,)'),(478,'PE Doctor','Testing #2',19,78,'attachment/img/22.jpeg','rgb(,,)','rgb(,,)'),(479,'Front Desk Personnel Supervisor','Testing #2',19,79,'attachment/img/22.jpeg','rgb(,,)','rgb(,,)'),(480,'HR Engagement Associate','Testing #2',19,80,'attachment/img/22.jpeg','rgb(,,)','rgb(,,)'),(481,'HR Talent & Acquisition Associate','Testing #2',19,81,'attachment/img/22.jpeg','rgb(,,)','rgb(,,)'),(482,'Sr Processing Physician','Testing #2',19,82,'attachment/img/22.jpeg','rgb(,,)','rgb(,,)'),(483,'Testing Supervisor','Testing #2',19,83,'attachment/img/22.jpeg','rgb(,,)','rgb(,,)'),(484,'Visual Assistant Nurse','Testing #2',19,84,'attachment/img/22.jpeg','rgb(,,)','rgb(,,)'),(485,'Follow-Up Reception Supervisor','Testing #2',19,85,'attachment/img/22.jpeg','rgb(,,)','rgb(,,)'),(486,'Admin Manager','Testing #2',19,86,'attachment/img/22.jpeg','rgb(,,)','rgb(,,)'),(487,'Senior Accounting Specialist','Testing #2',19,87,'attachment/img/22.jpeg','rgb(,,)','rgb(,,)'),(488,'Liason Supervisor','Testing #2',19,88,'attachment/img/22.jpeg','rgb(,,)','rgb(,,)'),(489,'Profiler','Testing #2',19,89,'attachment/img/22.jpeg','rgb(,,)','rgb(,,)'),(490,'OPTOMETRIST','Testing #2',19,90,'attachment/img/22.jpeg','rgb(,,)','rgb(,,)'),(491,'MEDICAL COORDINATOR','Testing #2',19,91,'attachment/img/22.jpeg','rgb(,,)','rgb(,,)'),(492,'DOCUMENTATION SUPERVISOR','Testing #2',19,92,'attachment/img/22.jpeg','rgb(,,)','rgb(,,)'),(493,'MEDICAL COORDINATOR','Testing #2',19,93,'attachment/img/22.jpeg','rgb(,,)','rgb(,,)'),(494,'MEDICAL COORDINATOR','Testing #2',19,94,'attachment/img/22.jpeg','rgb(,,)','rgb(,,)'),(495,'Medical Coordinator','Testing #2',19,95,'attachment/img/22.jpeg','rgb(,,)','rgb(,,)'),(496,'DOCUMENTATION ENCODER','Testing #2',19,96,'attachment/img/22.jpeg','rgb(,,)','rgb(,,)'),(497,'PROCESSING PHYSICIAN','Testing #2',19,97,'attachment/img/22.jpeg','rgb(,,)','rgb(,,)'),(498,'LABORATORY TECHNOLOGY','Testing #2',19,98,'attachment/img/22.jpeg','rgb(,,)','rgb(,,)'),(499,'visual nurse','Testing #2',19,99,'attachment/img/22.jpeg','rgb(,,)','rgb(,,)'),(500,'X-RAY TECHNICIAN','Testing #2',19,100,'attachment/img/22.jpeg','rgb(,,)','rgb(,,)');

/*Table structure for table `courseposition_dept` */

DROP TABLE IF EXISTS `courseposition_dept`;

CREATE TABLE `courseposition_dept` (
  `id` int(11) NOT NULL AUTO_INCREMENT,
  `positionname` varchar(255) NOT NULL,
  `coursename` varchar(255) NOT NULL,
  `courseid` int(11) DEFAULT NULL,
  `jobid` int(11) DEFAULT NULL,
  `image` varchar(255) NOT NULL,
  `imagebg` varchar(255) DEFAULT NULL,
  `imagetheme` varchar(255) DEFAULT NULL,
  PRIMARY KEY (`id`)
) ENGINE=InnoDB AUTO_INCREMENT=140 DEFAULT CHARSET=latin1;

/*Data for the table `courseposition_dept` */

insert  into `courseposition_dept`(`id`,`positionname`,`coursename`,`courseid`,`jobid`,`image`,`imagebg`,`imagetheme`) values (1,'Post Medical Coordinator','',3,6,'','rgb(201,231,189)','rgb(201,231,189)'),(2,'Examining Physician','',3,7,'','rgb(201,231,189)','rgb(201,231,189)'),(3,'Medical Operations Manager','',3,10,'','rgb(201,231,189)','rgb(201,231,189)'),(4,'Staff Nurse','',3,12,'','rgb(201,231,189)','rgb(201,231,189)'),(5,'Encoder','',3,13,'','rgb(201,231,189)','rgb(201,231,189)'),(6,'P.E Encoder','',3,14,'','rgb(201,231,189)','rgb(201,231,189)'),(7,'DAAT Encoder','',3,15,'','rgb(201,231,189)','rgb(201,231,189)'),(8,'Dentist','',3,16,'','rgb(201,231,189)','rgb(201,231,189)'),(9,'Dental Encoder','',3,17,'','rgb(201,231,189)','rgb(201,231,189)'),(10,'Senior Processing Physician','',3,18,'','rgb(201,231,189)','rgb(201,231,189)'),(11,'Follow-Up Physician','',3,19,'','rgb(201,231,189)','rgb(201,231,189)'),(12,'Medical Secretary','',3,20,'','rgb(201,231,189)','rgb(201,231,189)'),(13,'CCL Nurse','',3,21,'','rgb(201,231,189)','rgb(201,231,189)'),(14,'Optomerist / OIC Testing','',3,22,'','rgb(201,231,189)','rgb(201,231,189)'),(15,'Chief X-ray Technologist Supervisor','',3,23,'','rgb(201,231,189)','rgb(201,231,189)'),(16,'Radiologic Technologist','',3,24,'','rgb(201,231,189)','rgb(201,231,189)'),(17,'Radiologic Technician','',3,25,'','rgb(201,231,189)','rgb(201,231,189)'),(18,'Data Entry Specialist','',3,26,'','rgb(201,231,189)','rgb(201,231,189)'),(19,'CS Officer','',3,27,'','rgb(201,231,189)','rgb(201,231,189)'),(20,'PEME Account Specialist','',3,28,'','rgb(201,231,189)','rgb(201,231,189)'),(21,'Front Desk Personnel','',3,29,'','rgb(201,231,189)','rgb(201,231,189)'),(22,'Follow-up Receptionist','',3,30,'','rgb(201,231,189)','rgb(201,231,189)'),(23,'Psychologist','',3,31,'','rgb(201,231,189)','rgb(201,231,189)'),(24,'Psychometrician','',3,32,'','rgb(201,231,189)','rgb(201,231,189)'),(25,'Follow-Up Nurse','',3,33,'','rgb(201,231,189)','rgb(201,231,189)'),(26,'Senior Medical Technologist','',3,34,'','rgb(201,231,189)','rgb(201,231,189)'),(27,'Medical Technologist','',3,35,'','rgb(201,231,189)','rgb(201,231,189)'),(28,'Laboratory Technician','',3,36,'','rgb(201,231,189)','rgb(201,231,189)'),(29,'Laboratory Clerk','',3,37,'','rgb(201,231,189)','rgb(201,231,189)'),(30,'Phlebotomist','',3,38,'','rgb(201,231,189)','rgb(201,231,189)'),(31,'Post Medical Doctor','',3,42,'','rgb(201,231,189)','rgb(201,231,189)'),(32,'Senior Front Desk Personnel','',3,49,'','rgb(201,231,189)','rgb(201,231,189)'),(33,'OIC Follow-Up Receptionist','',3,50,'','rgb(201,231,189)','rgb(201,231,189)'),(34,'Medical Director','',3,52,'','rgb(201,231,189)','rgb(201,231,189)'),(35,'Documentation OIC','',3,57,'','rgb(201,231,189)','rgb(201,231,189)'),(36,'Receiving Receptionist Supervisor','',3,58,'','rgb(201,231,189)','rgb(201,231,189)'),(37,'Processing Nurse','',3,64,'','rgb(201,231,189)','rgb(201,231,189)'),(38,'Physical Therapist','',3,65,'','rgb(201,231,189)','rgb(201,231,189)'),(39,'Testing Nurse','',3,67,'','rgb(201,231,189)','rgb(201,231,189)'),(40,'Releasing Officer','',3,68,'','rgb(201,231,189)','rgb(201,231,189)'),(41,'Quality Control Specialist','',3,69,'','rgb(201,231,189)','rgb(201,231,189)'),(42,'Documentation Supervisor','',3,70,'','rgb(201,231,189)','rgb(201,231,189)'),(43,'Laboratory Encoder','',3,74,'','rgb(201,231,189)','rgb(201,231,189)'),(44,'History Nurse','',3,75,'','rgb(201,231,189)','rgb(201,231,189)'),(45,'2D Echo Technician','',3,76,'','rgb(201,231,189)','rgb(201,231,189)'),(46,'PE Doctor','',3,78,'','rgb(201,231,189)','rgb(201,231,189)'),(47,'Front Desk Personnel Supervisor','',3,79,'','rgb(201,231,189)','rgb(201,231,189)'),(48,'Sr Processing Physician','',3,82,'','rgb(201,231,189)','rgb(201,231,189)'),(49,'Testing Supervisor','',3,83,'','rgb(201,231,189)','rgb(201,231,189)'),(50,'Visual Assistant Nurse','',3,84,'','rgb(201,231,189)','rgb(201,231,189)'),(51,'Follow-Up Reception Supervisor','',3,85,'','rgb(201,231,189)','rgb(201,231,189)'),(52,'Profiler','',3,89,'','rgb(201,231,189)','rgb(201,231,189)'),(53,'OPTOMETRIST','',3,90,'','rgb(201,231,189)','rgb(201,231,189)'),(54,'MEDICAL COORDINATOR','',3,91,'','rgb(201,231,189)','rgb(201,231,189)'),(55,'DOCUMENTATION SUPERVISOR','',3,92,'','rgb(201,231,189)','rgb(201,231,189)'),(56,'MEDICAL COORDINATOR','',3,93,'','rgb(201,231,189)','rgb(201,231,189)'),(57,'MEDICAL COORDINATOR','',3,94,'','rgb(201,231,189)','rgb(201,231,189)'),(58,'Medical Coordinator','',3,95,'','rgb(201,231,189)','rgb(201,231,189)'),(59,'DOCUMENTATION ENCODER','',3,96,'','rgb(201,231,189)','rgb(201,231,189)'),(60,'PROCESSING PHYSICIAN','',3,97,'','rgb(201,231,189)','rgb(201,231,189)'),(61,'LABORATORY TECHNOLOGY','',3,98,'','rgb(201,231,189)','rgb(201,231,189)'),(62,'visual nurse','',3,99,'','rgb(201,231,189)','rgb(201,231,189)'),(63,'X-RAY TECHNICIAN','',3,100,'','rgb(201,231,189)','rgb(201,231,189)'),(127,'Accounting Assistant  - Credit & Collection','Testing #2',19,8,'attachment/img/22.jpeg','rgb(,,)','rgb(,,)'),(128,'Cashier','Testing #2',19,9,'attachment/img/22.jpeg','rgb(,,)','rgb(,,)'),(129,'Purchasing Assistant','Testing #2',19,44,'attachment/img/22.jpeg','rgb(,,)','rgb(,,)'),(130,'Inventory Clerk','Testing #2',19,45,'attachment/img/22.jpeg','rgb(,,)','rgb(,,)'),(131,'Accounting Supervisor','Testing #2',19,51,'attachment/img/22.jpeg','rgb(,,)','rgb(,,)'),(132,'Inventory Planner & Analyst','Testing #2',19,53,'attachment/img/22.jpeg','rgb(,,)','rgb(,,)'),(133,'Accounting Staff','Testing #2',19,55,'attachment/img/22.jpeg','rgb(,,)','rgb(,,)'),(134,'Senior Accounting Specialist','Testing #2',19,56,'attachment/img/22.jpeg','rgb(,,)','rgb(,,)'),(136,'Accounting Assistant - Payables','Testing #2',19,66,'attachment/img/22.jpeg','rgb(,,)','rgb(,,)'),(138,'Credit & Collection Specialist','Testing #2',19,77,'attachment/img/22.jpeg','rgb(,,)','rgb(,,)'),(139,'Senior Accounting Specialist','Testing #2',19,87,'attachment/img/22.jpeg','rgb(,,)','rgb(,,)');

/*Table structure for table `date1` */

DROP TABLE IF EXISTS `date1`;

CREATE TABLE `date1` (
  `id` int(11) NOT NULL AUTO_INCREMENT,
  `date1` tinytext,
  UNIQUE KEY `id` (`id`)
) ENGINE=InnoDB AUTO_INCREMENT=31 DEFAULT CHARSET=latin1;

/*Data for the table `date1` */

insert  into `date1`(`id`,`date1`) values (1,'Given this th of   at Halcyon Marine Head Office Makati City, Philippines.'),(2,'Given this 11th of July 2017 at Halcyon Marine Head Office Makati City, Philippines.'),(3,'Given this 20th of July 2017 at Halcyon Marine Head Office Makati City, Philippines.'),(4,'2017-07-14'),(5,'Given this 27th of July 2017 at Halcyon Marine Head Office Makati City, Philippines.'),(6,'Given this 1st of July 2017 at Halcyon Marine Head Office Makati City, Philippines.'),(7,'Given this 29th of July 2017 at Halcyon Marine Head Office Makati City, Philippines.'),(8,'Given this 13th of July 2017 at Halcyon Marine Head Office Makati City, Philippines.'),(9,'Given this 22th of July 2017 at Halcyon Marine Head Office Makati City, Philippines.'),(10,'Given this 21th of July 2017 at Halcyon Marine Head Office Makati City, Philippines.'),(11,'Given this 12th of July 2017 at Halcyon Marine Head Office Makati City, Philippines.'),(12,'Given this 12th of July 2017 at Halcyon Marine Head Office Makati City, Philippines.'),(13,'Given this 28th of July 2017 at Halcyon Marine Head Office Makati City, Philippines.'),(14,'Given this 27th of June 2017 at Halcyon Marine Head Office Makati City, Philippines.'),(15,'Given this th of   at Halcyon Marine Head Office Makati City, Philippines.'),(16,'Given this 6th of July 2017 at Halcyon Marine Head Office Makati City, Philippines.'),(17,'Given this th of   at Halcyon Marine Head Office Makati City, Philippines.'),(18,'Given this 30th of June 2017 at Halcyon Marine Head Office Makati City, Philippines.'),(19,'Given this 26th of July 2017 at Halcyon Marine Head Office Makati City, Philippines.'),(20,'Given this 30th of June 2017 at Halcyon Marine Head Office Makati City, Philippines.'),(21,'Given this 7th of July 2017 at Halcyon Marine Head Office Makati City, Philippines.'),(22,'Given this 28th of June 2017 at Halcyon Marine Head Office Makati City, Philippines.'),(23,'Given this 15th of July 2017 at Halcyon Marine Head Office Makati City, Philippines.'),(24,'Given this 12th of July 2017 at Halcyon Marine Head Office Makati City, Philippines.'),(25,'Given this 13th of September 2017 at Halcyon Marine Head Office Makati City, Philippines.'),(26,'Given this 20th of October 2017 at Halcyon Marine Head Office Makati City, Philippines.'),(27,'Given this 18th of October 2017 at Halcyon Marine Head Office Makati City, Philippines.'),(28,'Given this 14th of October 2017 at Halcyon Marine Head Office Makati City, Philippines.'),(29,'Given this 21th of October 2017 at Halcyon Marine Head Office Makati City, Philippines.'),(30,'Given this 24th of November 2017 at Halcyon Marine Head Office Makati City, Philippines.');

/*Table structure for table `empcourse` */

DROP TABLE IF EXISTS `empcourse`;

CREATE TABLE `empcourse` (
  `id` int(11) NOT NULL AUTO_INCREMENT,
  `empId` varchar(255) NOT NULL,
  `courseId` varchar(255) NOT NULL,
  `coursename` varchar(255) NOT NULL,
  `isFinished` varchar(255) NOT NULL,
  PRIMARY KEY (`id`)
) ENGINE=InnoDB DEFAULT CHARSET=latin1;

/*Data for the table `empcourse` */

/*Table structure for table `employeetb` */

DROP TABLE IF EXISTS `employeetb`;

CREATE TABLE `employeetb` (
  `empId` double unsigned DEFAULT NULL,
  `type` varchar(36) DEFAULT NULL,
  `isEnrolled` varchar(255) NOT NULL,
  `empno` varchar(60) DEFAULT NULL,
  `fullname` varchar(300) DEFAULT NULL,
  `fname` varchar(300) DEFAULT NULL,
  `mname` varchar(105) DEFAULT NULL,
  `lname` varchar(105) DEFAULT NULL,
  `nickname` varchar(60) DEFAULT NULL,
  `gender` varchar(18) DEFAULT NULL,
  `civilStatus` double DEFAULT NULL,
  `birthDate` date DEFAULT NULL,
  `birthPlace` varchar(105) DEFAULT NULL,
  `picture` varchar(300) DEFAULT NULL,
  `nationality` varchar(120) DEFAULT NULL,
  `religion` varchar(120) DEFAULT NULL,
  `height` varchar(30) DEFAULT NULL,
  `weight` varchar(30) DEFAULT NULL,
  `m_fname` varchar(105) DEFAULT NULL,
  `m_mname` varchar(105) DEFAULT NULL,
  `m_lname` varchar(105) DEFAULT NULL,
  `f_fname` varchar(105) DEFAULT NULL,
  `f_mname` varchar(105) DEFAULT NULL,
  `f_lname` varchar(105) DEFAULT NULL,
  `spouse_fname` varchar(105) DEFAULT NULL,
  `spouse_mname` varchar(105) DEFAULT NULL,
  `spouse_lname` varchar(105) DEFAULT NULL,
  `emerg_person` varchar(300) DEFAULT NULL,
  `emerg_relation` varchar(75) DEFAULT NULL,
  `emerg_contact` varchar(150) DEFAULT NULL,
  `emerg_address1` varchar(300) DEFAULT NULL,
  `emerg_address2` varchar(300) DEFAULT NULL,
  `emerg_address3` varchar(300) DEFAULT NULL,
  `date_hire` date DEFAULT NULL,
  `date_regular` date DEFAULT NULL,
  `date_separated` date DEFAULT NULL,
  `separation_reason` double DEFAULT NULL,
  `telno` varchar(60) DEFAULT NULL,
  `cellphone` varchar(150) DEFAULT NULL,
  `email` varchar(150) DEFAULT NULL,
  `sssno` varchar(45) DEFAULT NULL,
  `tinno` varchar(45) DEFAULT NULL,
  `hdmfno` varchar(45) DEFAULT NULL,
  `philno` varchar(45) DEFAULT NULL,
  `address1` varchar(150) DEFAULT NULL,
  `address2` varchar(150) DEFAULT NULL,
  `address3` varchar(150) DEFAULT NULL,
  `city` double DEFAULT NULL,
  `province` double DEFAULT NULL,
  `zipcode` varchar(21) DEFAULT NULL,
  `country` varchar(105) DEFAULT NULL,
  `isActive` tinyint(1) DEFAULT NULL,
  `isDeleted` tinyint(1) DEFAULT NULL
) ENGINE=InnoDB DEFAULT CHARSET=latin1;

/*Data for the table `employeetb` */

insert  into `employeetb`(`empId`,`type`,`isEnrolled`,`empno`,`fullname`,`fname`,`mname`,`lname`,`nickname`,`gender`,`civilStatus`,`birthDate`,`birthPlace`,`picture`,`nationality`,`religion`,`height`,`weight`,`m_fname`,`m_mname`,`m_lname`,`f_fname`,`f_mname`,`f_lname`,`spouse_fname`,`spouse_mname`,`spouse_lname`,`emerg_person`,`emerg_relation`,`emerg_contact`,`emerg_address1`,`emerg_address2`,`emerg_address3`,`date_hire`,`date_regular`,`date_separated`,`separation_reason`,`telno`,`cellphone`,`email`,`sssno`,`tinno`,`hdmfno`,`philno`,`address1`,`address2`,`address3`,`city`,`province`,`zipcode`,`country`,`isActive`,`isDeleted`) values (1,NULL,'yes',NULL,'kenneth melindo berte','kenneth','melindo','berte','ken','male',0,'0000-00-00','davao',NULL,'filipino','catholic','165','165','try','try','try','try','try','try','try','try','try','try','try','try','try','try','try','0000-00-00',NULL,NULL,NULL,NULL,NULL,NULL,NULL,NULL,NULL,NULL,NULL,NULL,NULL,NULL,NULL,NULL,NULL,NULL,NULL);

/*Table structure for table `empmodule` */

DROP TABLE IF EXISTS `empmodule`;

CREATE TABLE `empmodule` (
  `id` int(11) NOT NULL AUTO_INCREMENT,
  `moduleId` varchar(255) NOT NULL,
  `moduleName` varchar(255) NOT NULL,
  `courseid` varchar(255) NOT NULL,
  `empId` varchar(255) NOT NULL,
  `isFinished` varchar(255) NOT NULL,
  PRIMARY KEY (`id`)
) ENGINE=InnoDB DEFAULT CHARSET=latin1;

/*Data for the table `empmodule` */

/*Table structure for table `fcourse` */

DROP TABLE IF EXISTS `fcourse`;

CREATE TABLE `fcourse` (
  `id` int(11) NOT NULL AUTO_INCREMENT,
  `coursename` varchar(255) NOT NULL,
  `cdetails` varchar(255) NOT NULL,
  `isActive` varchar(255) NOT NULL,
  `image` varchar(255) NOT NULL,
  `imagebg` varchar(255) DEFAULT NULL,
  `imagetheme` varchar(255) DEFAULT NULL,
  PRIMARY KEY (`id`)
) ENGINE=InnoDB AUTO_INCREMENT=23 DEFAULT CHARSET=latin1;

/*Data for the table `fcourse` */

insert  into `fcourse`(`id`,`coursename`,`cdetails`,`isActive`,`image`,`imagebg`,`imagetheme`) values (1,'Xea','xea','0','attachment/img/219.jpeg','rgb(208,101,101)','rgb(208,101,101)'),(2,'Billing Specialist','','1','attachment/img/220.jpeg','rgb(228,173,173)','rgb(228,173,173)'),(3,'','','1','','rgb(130,47,47)','rgb(130,47,47)'),(4,'test','test1','1','attachment/img/323.jpeg','rgb(158,87,87)','rgb(158,87,87)'),(5,'xxxxxxxxxxxxxxxxxx','xxxxxxxxxxxxxxxxx','1','attachment/img/325.jpeg','rgb(0,0,0)','rgb(0,0,0)'),(6,'1','2','1','','rgb(255,214,0)','rgb(255,214,0)'),(7,'test','here','1','attachment/img/349.jpeg','rgb(126,95,31)','rgb(126,95,31)'),(8,'','','1','','rgb(199,173,36)','rgb(199,173,36)'),(9,'','','1','','rgb(,,)','rgb(,,)'),(10,'ha','ha','1','attachment/img/364.jpeg','rgb(0,145,234)','rgb(0,145,234)'),(11,'ye','ye','1','attachment/img/365.jpeg','rgb(213,0,0)','rgb(213,0,0)'),(12,'haaaaaa','haaaaaaa','1','attachment/img/366.jpeg','rgb(170,0,255)','rgb(170,0,255)'),(13,'updatecourse','courseupdate','1','attachment/img/368.jpeg','rgb(255,171,0)','rgb(255,171,0)'),(14,'On-Boarding','Welcome','1','attachment/img/372.jpeg','rgb(153,241,255)','rgb(153,241,255)'),(15,'NEW BILLING','COMPANY ORIENTATION','1','attachment/img/385.jpeg','rgb(255,228,179)','rgb(255,228,179)'),(16,'test 2','test 3','1','attachment/img/397.jpeg','rgb(118,79,79)','rgb(118,79,79)'),(17,'Trial','For dry run only','1','attachment/img/1.jpeg','rgb(250,202,254)','rgb(250,202,254)'),(18,'Testing','Testing 1','0','attachment/img/21.jpeg','rgb(170,33,33)','rgb(170,33,33)'),(19,'Testing #2','Testing # 2 ','1','attachment/img/22.jpeg','rgb(,,)','rgb(,,)'),(20,'Testing #3','t3','1','attachment/img/24.jpeg','rgb(255,171,0)','rgb(255,171,0)'),(21,'Billing New','New billing course ','1','attachment/img/26.jpeg','rgb(,,)','rgb(,,)'),(22,'NEW BILLING','New Billing Curse','1','attachment/img/27.jpeg','rgb(213,120,120)','rgb(213,120,120)');

/*Table structure for table `flashtable` */

DROP TABLE IF EXISTS `flashtable`;

CREATE TABLE `flashtable` (
  `flashid` int(11) NOT NULL AUTO_INCREMENT,
  `flashtitle` varchar(255) NOT NULL,
  `flashname` varchar(255) NOT NULL,
  `moduleid` int(11) NOT NULL,
  PRIMARY KEY (`flashid`)
) ENGINE=InnoDB AUTO_INCREMENT=32 DEFAULT CHARSET=latin1;

/*Data for the table `flashtable` */

insert  into `flashtable`(`flashid`,`flashtitle`,`flashname`,`moduleid`) values (2,'Company Orientation','attachment/fla/226.swf',2),(3,'Recruitment Process','attachment/fla/227.swf',2),(4,'Work Expectation','attachment/fla/228.swf',2),(5,'Employee Benefits','attachment/fla/229.swf',2),(6,'Employee Relations','attachment/fla/230.swf',2),(7,'Training and Development','attachment/fla/231.swf',2),(8,'Housekeeping','attachment/fla/232.swf',2),(9,'M1','attachment/fla/358.swf',10),(10,'M2','attachment/fla/359.swf',10),(11,'M3','attachment/fla/360.swf',10),(12,'M4','attachment/fla/361.swf',10),(13,'M5','attachment/fla/362.swf',10),(14,'M6','attachment/fla/363.swf',10),(15,'Module 1','attachment/fla/374.swf',12),(16,'Module 2','attachment/fla/375.swf',12),(17,'Module 3','attachment/fla/376.swf',12),(18,'5S','attachment/fla/377.swf',12),(19,'','attachment/fla/383.swf',13),(20,'','attachment/fla/384.swf',14),(21,'','attachment/fla/388.swf',16),(22,'5S','attachment/fla/389.swf',16),(23,'5S Again','attachment/fla/396.swf',17),(25,'m','attachment/fla/5.swf',22),(26,'On boarding Orientation','attachment/fla/10.swf',21),(27,'Work Expectation','attachment/fla/16.swf',21),(28,'Employee Relations','attachment/fla/17.swf',21),(29,'Career and Development','attachment/fla/18.swf',21),(30,'Housekeeping, Safe keeping, & Security','attachment/fla/19.swf',21),(31,'Work Etiquettez.','attachment/fla/20.swf',24);

/*Table structure for table `fposition` */

DROP TABLE IF EXISTS `fposition`;

CREATE TABLE `fposition` (
  `id` int(11) NOT NULL AUTO_INCREMENT,
  `positionname` varchar(255) NOT NULL,
  PRIMARY KEY (`id`)
) ENGINE=InnoDB AUTO_INCREMENT=63 DEFAULT CHARSET=latin1;

/*Data for the table `fposition` */

insert  into `fposition`(`id`,`positionname`) values (62,'Billing Specialist');

/*Table structure for table `imagetable` */

DROP TABLE IF EXISTS `imagetable`;

CREATE TABLE `imagetable` (
  `imageid` int(11) NOT NULL AUTO_INCREMENT,
  `imagetitle` varchar(255) NOT NULL,
  `imagename` varchar(255) NOT NULL,
  `moduleid` int(11) NOT NULL,
  PRIMARY KEY (`imageid`),
  KEY `FK_imagetable_modules_moduleid` (`moduleid`),
  CONSTRAINT `FK_imagetable_modules_moduleid` FOREIGN KEY (`moduleid`) REFERENCES `modules` (`id`)
) ENGINE=InnoDB AUTO_INCREMENT=51 DEFAULT CHARSET=latin1;

/*Data for the table `imagetable` */

insert  into `imagetable`(`imageid`,`imagetitle`,`imagename`,`moduleid`) values (1,'image1','attachment/img/265.jpeg',1),(2,'imageulit','attachment/img/266.jpeg',1),(3,'1shi','attachment/img/267.jpeg',1),(4,'3','attachment/img/268.jpeg',1),(6,'WEC','attachment/img/270.jpeg',4),(7,'WEC 2','attachment/img/271.jpeg',4),(8,'WEC 3','attachment/img/272.jpeg',4),(9,'WEC 4','attachment/img/273.jpeg',4),(10,'WEC 5','attachment/img/274.jpeg',4),(11,'WEC 6','attachment/img/275.jpeg',4),(12,'WEC 7','attachment/img/276.jpeg',4),(13,'WEC 8','attachment/img/277.jpeg',4),(14,'WEC 9','attachment/img/278.jpeg',4),(15,'WEC 10','attachment/img/279.jpeg',4),(17,'WEC 11','attachment/img/281.jpeg',4),(18,'WEC 12','attachment/img/282.jpeg',4),(19,'WEC 13','attachment/img/283.jpeg',4),(20,'WEC 14','attachment/img/284.jpeg',4),(21,'WEC 15','attachment/img/285.jpeg',4),(22,'WEC 16','attachment/img/286.jpeg',4),(23,'WEC 17','attachment/img/287.jpeg',4),(24,'WEC 18','attachment/img/288.jpeg',4),(25,'WEC 19','attachment/img/289.jpeg',4),(26,'WEC 20','attachment/img/290.jpeg',4),(27,'WEC 21','attachment/img/291.jpeg',4),(28,'WEC 22','attachment/img/292.jpeg',4),(29,'aplod','attachment/img/306.jpeg',9),(30,'2','attachment/img/307.jpeg',9),(31,'9','attachment/img/308.jpeg',9),(32,'5','attachment/img/309.jpeg',9),(33,'Manual Image','attachment/img/378.jpeg',13),(34,'Etiquette','attachment/img/380.jpeg',15),(35,'Encoder','attachment/img/386.jpeg',16),(40,'Gif','attachment/img/395.jpeg',17),(41,'','attachment/img/2.jpeg',21),(42,'Halcyon Marine','attachment/img/1.jpeg',21),(44,'','attachment/img/3.jpeg',21),(45,'HMHS Mission','attachment/img/4.jpeg',21),(46,'HMHS Vision','attachment/img/5.jpeg',21),(47,'HMHS Vision I','attachment/img/6.jpeg',21),(48,'HMHS Core Values','attachment/img/7.jpeg',21),(49,'The Management Team','attachment/img/8.jpeg',21),(50,'image sample','attachment/img/23.jpeg',28);

/*Table structure for table `log` */

DROP TABLE IF EXISTS `log`;

CREATE TABLE `log` (
  `id` int(11) NOT NULL AUTO_INCREMENT,
  `user` varchar(255) DEFAULT NULL,
  `remarks` varchar(255) DEFAULT NULL,
  `Rdate` date DEFAULT NULL,
  `Rtime` time DEFAULT NULL,
  PRIMARY KEY (`id`),
  UNIQUE KEY `id` (`id`)
) ENGINE=InnoDB AUTO_INCREMENT=642 DEFAULT CHARSET=latin1;

/*Data for the table `log` */

insert  into `log`(`id`,`user`,`remarks`,`Rdate`,`Rtime`) values (1,'LEO JOSE L. LUZ','Logged In','2017-07-20','06:53:09'),(2,'LEO JOSE L. LUZ','Logged In','2017-07-20','14:58:19'),(3,'LEO JOSE L. LUZ','Logged In','2017-07-20','07:11:11'),(4,'LEO JOSE L. LUZ','Logged In','2017-07-20','15:16:45'),(5,'LYSSA ANN F. JACOB','Logged In','2017-07-20','09:00:27'),(6,'LEO JOSE L. LUZ','Logged In','2017-07-21','08:36:35'),(7,'LEO JOSE L. LUZ','Logged In','2017-07-21','00:59:11'),(8,'LEO JOSE L. LUZ','Logged In','2017-07-21','01:05:11'),(9,'LEO JOSE L. LUZ','Logged In','2017-07-21','09:18:08'),(10,'LEO JOSE L. LUZ','Logged In','2017-07-21','09:18:52'),(11,'LEO JOSE L. LUZ','Logged In','2017-07-21','09:23:29'),(12,'LEO JOSE L. LUZ','Logged In','2017-07-21','09:29:54'),(13,'LEO JOSE L. LUZ','Logged In','2017-07-21','09:38:16'),(14,'RONNIE P. HAPSON','Logged In','2017-07-21','09:38:39'),(15,'RONNIE P. HAPSON','Start Module','2017-07-21','09:38:54'),(16,'LEO JOSE L. LUZ','Logged In','2017-07-21','09:39:11'),(17,'LEO JOSE L. LUZ','Logged In','2017-07-21','09:39:29'),(18,'RONNIE P. HAPSON','Start Module : arnold  from course Xea','2017-07-21','09:40:01'),(19,'LEO JOSE L. LUZ','Logged In','2017-07-21','09:40:13'),(20,'LEO JOSE L. LUZ','arinolda module created and tag to course Xea','2017-07-21','09:40:31'),(21,'LEO JOSE L. LUZ','Add new Image: aplod from  arinolda','2017-07-21','09:40:50'),(22,'LEO JOSE L. LUZ','Add new Image: 2 from  arinolda','2017-07-21','09:41:12'),(23,'LEO JOSE L. LUZ','Add new Image: 9 from  arinolda','2017-07-21','09:41:27'),(24,'LEO JOSE L. LUZ','Add new Image: 5 from  arinolda','2017-07-21','09:41:41'),(25,'RONNIE P. HAPSON','','2017-07-21','09:41:49'),(26,'RONNIE P. HAPSON','Start Module : arinolda  from course Xea','2017-07-21','09:41:59'),(27,'LEO JOSE L. LUZ','Logged In','2017-07-21','09:45:18'),(28,'LEO JOSE L. LUZ','Logged In','2017-07-21','02:02:35'),(29,'LEO JOSE L. LUZ','EarthQuake: Certificate of CATHY L. SESPEE had been generated','2017-07-21','02:03:13'),(30,'LEO JOSE L. LUZ','EarthQuake: Certificate of CATHY L. SESPEE had been generated','2017-07-21','02:04:23'),(31,'LEO JOSE L. LUZ','EarthQuake: Certificate of CATHY L. SESPEE had been generated','2017-07-21','02:04:24'),(32,'LEO JOSE L. LUZ','EarthQuake: Certificate of CATHY L. SESPEE had been generated','2017-07-21','02:04:25'),(33,'LEO JOSE L. LUZ','EarthQuake: Certificate of CATHY L. SESPEE had been generated','2017-07-21','02:04:25'),(34,'LEO JOSE L. LUZ','EarthQuake: Certificate of CATHY L. SESPEE had been generated','2017-07-21','02:04:25'),(35,'LEO JOSE L. LUZ','EarthQuake: Certificate of CATHY L. SESPEE had been generated','2017-07-21','02:04:26'),(36,'LEO JOSE L. LUZ','EarthQuake: Certificate of CATHY L. SESPEE had been generated','2017-07-21','02:04:26'),(37,'LEO JOSE L. LUZ','EarthQuake: Certificate of CATHY L. SESPEE had been generated','2017-07-21','02:04:26'),(38,'LEO JOSE L. LUZ','EarthQuake: Certificate of CATHY L. SESPEE had been generated','2017-07-21','02:04:27'),(39,'LEO JOSE L. LUZ','EarthQuake: Certificate of CATHY L. SESPEE had been generated','2017-07-21','02:04:28'),(40,'LEO JOSE L. LUZ','EarthQuake: Certificate of CATHY L. SESPEE had been generated','2017-07-21','02:04:28'),(41,'LEO JOSE L. LUZ','EarthQuake: Certificate of CATHY L. SESPEE had been generated','2017-07-21','02:04:30'),(42,'LEO JOSE L. LUZ','Logged In','2017-07-21','10:12:08'),(43,'LEO JOSE L. LUZ','Logged In','2017-07-21','10:17:13'),(44,'LEO JOSE L. LUZ','EarthQuake: Certificate of CATHY L. SESPEE had been generated','2017-07-21','10:18:09'),(45,'LEO JOSE L. LUZ','EarthQuake: Certificate of CATHY L. SESPEE had been generated','2017-07-21','10:20:30'),(46,'LEO JOSE L. LUZ','EarthQuake: Certificate of CATHY L. SESPEE had been generated','2017-07-21','10:20:43'),(47,'LYSSA ANN F. JACOB','Logged In','2017-07-21','03:27:17'),(48,'LEO JOSE L. LUZ','Logged In','2017-07-21','05:21:04'),(49,'CATHY L. SESPEE','Logged In','2017-07-21','05:21:24'),(50,'LEO JOSE L. LUZ',' changed to ','2017-07-21','13:56:46'),(51,'LEO JOSE L. LUZ',' changed to ','2017-07-21','13:59:45'),(52,'LEO JOSE L. LUZ','Edited ','2017-07-21','14:01:18'),(53,'LEO JOSE L. LUZ','Edited ','2017-07-21','14:02:38'),(54,'LEO JOSE L. LUZ','Edited ','2017-07-21','14:03:16'),(55,'LEO JOSE L. LUZ','Edited ','2017-07-21','14:03:24'),(56,'LEO JOSE L. LUZ','Edited ','2017-07-21','14:03:49'),(57,'LEO JOSE L. LUZ','Edited ','2017-07-21','14:03:58'),(58,'LEO JOSE L. LUZ','Edited ','2017-07-21','14:04:27'),(59,'LEO JOSE L. LUZ','Edited ','2017-07-21','14:04:34'),(60,'LEO JOSE L. LUZ','Edited ','2017-07-21','14:04:35'),(61,'LEO JOSE L. LUZ','Edited ','2017-07-21','14:05:50'),(62,'LEO JOSE L. LUZ','Edited ','2017-07-21','14:06:03'),(63,'LEO JOSE L. LUZ','Course 3 disabled','2017-07-21','14:06:27'),(64,'LEO JOSE L. LUZ','Created Course test','2017-07-21','14:06:37'),(65,'LEO JOSE L. LUZ','test Tagged to HR Engagement Associate','2017-07-21','14:06:46'),(66,'LEO JOSE L. LUZ','Edited ','2017-07-21','14:10:02'),(67,'LEO JOSE L. LUZ','Logged In','2017-07-21','06:08:35'),(68,'LEO JOSE L. LUZ','Created Course xxxxxxxxxxxxxxxxxx','2017-07-21','06:09:27'),(69,'LEO JOSE L. LUZ','xxxxxxxxxxxxxxxxxx Tagged to Data Entry Specialist','2017-07-21','06:09:32'),(70,'LEO JOSE L. LUZ','Created Course xxxxxxx','2017-07-21','14:12:00'),(71,'LEO JOSE L. LUZ','xxxxxxx Tagged to Billing Specialist','2017-07-21','14:12:14'),(72,'LEO JOSE L. LUZ','Edited ','2017-07-21','14:13:55'),(73,'LEO JOSE L. LUZ','Edited asdasd','2017-07-21','14:15:33'),(74,'LEO JOSE L. LUZ','Edited tatatatatata','2017-07-21','14:17:11'),(75,'LEO JOSE L. LUZ','Edited Tatatata','2017-07-21','14:18:09'),(76,'LEO JOSE L. LUZ','Edited afafa','2017-07-21','14:20:45'),(77,'LEO JOSE L. LUZ','Edited Tatata','2017-07-21','14:20:58'),(78,'LEO JOSE L. LUZ','Edited Tatata','2017-07-21','14:21:10'),(79,'LEO JOSE L. LUZ','Edited 1','2017-07-21','14:21:26'),(80,'LEO JOSE L. LUZ','Edited 1','2017-07-21','14:22:37'),(81,'LEO JOSE L. LUZ','Edited ','2017-07-21','14:24:31'),(82,'LEO JOSE L. LUZ','Edited ','2017-07-21','14:24:56'),(83,'LEO JOSE L. LUZ','Edited ','2017-07-21','14:25:48'),(84,'LEO JOSE L. LUZ','Edited ','2017-07-21','14:30:38'),(85,'LEO JOSE L. LUZ','Edited ','2017-07-21','14:32:48'),(86,'LEO JOSE L. LUZ','Edited ','2017-07-21','14:34:22'),(87,'LEO JOSE L. LUZ','Edited ','2017-07-21','14:34:40'),(88,'LEO JOSE L. LUZ','Edited ','2017-07-21','14:36:13'),(89,'LEO JOSE L. LUZ','Logged In','2017-07-24','08:05:16'),(90,'LEO JOSE L. LUZ','Edited ','2017-07-24','08:07:18'),(91,'LEO JOSE L. LUZ','Edited ','2017-07-24','08:07:42'),(92,'LEO JOSE L. LUZ','Edited ','2017-07-24','08:08:34'),(93,'LEO JOSE L. LUZ','Edited ','2017-07-24','08:10:37'),(94,'LEO JOSE L. LUZ','Logged In','2017-07-24','00:12:22'),(95,'RONNIE P. HAPSON','Add Course : 1','2017-07-24','00:13:33'),(96,'LEO JOSE L. LUZ','Edited ','2017-07-24','08:19:20'),(97,'LEO JOSE L. LUZ','Created Course test','2017-07-24','08:27:36'),(98,'LEO JOSE L. LUZ','test Tagged to Billing Specialist','2017-07-24','08:27:42'),(99,'LEO JOSE L. LUZ','Edited ','2017-07-24','08:28:00'),(100,'LEO JOSE L. LUZ','Logged In','2017-07-24','08:35:47'),(101,'LEO JOSE L. LUZ','Logged In','2017-07-24','09:21:23'),(102,'LEO JOSE L. LUZ','Logged In','2017-07-24','09:35:02'),(103,'LEO JOSE L. LUZ','Logged In','2017-07-24','01:34:02'),(104,'LEO JOSE L. LUZ','Created Course ','2017-07-24','09:49:19'),(105,'LEO JOSE L. LUZ','Created Course ','2017-07-24','09:49:23'),(106,'RONNIE P. HAPSON','Add Course : test','2017-07-24','01:47:30'),(107,'LEO JOSE L. LUZ','Edited TEST2','2017-07-24','10:38:26'),(108,'LEO JOSE L. LUZ','Edited test4','2017-07-24','10:39:21'),(109,'LEO JOSE L. LUZ','Edited test5','2017-07-24','10:40:19'),(110,'LEO JOSE L. LUZ','Edited cyberoam','2017-07-24','10:41:23'),(111,'LEO JOSE L. LUZ','Logged In','2017-07-24','02:58:54'),(112,'LEO JOSE L. LUZ','EarthQuake: Certificate of CATHY L. SESPEE had been generated','0000-00-00','02:59:07'),(113,'LEO JOSE L. LUZ','EarthQuake: Certificate of CATHY L. SESPEE had been generated','0000-00-00','02:59:19'),(114,'LEO JOSE L. LUZ','Logged In','2017-07-24','03:10:29'),(115,'MARILAR F. DE GUZMAN','Logged In','2017-07-24','03:27:59'),(116,'MARILAR F. DE GUZMAN','Start Module','2017-07-24','03:28:28'),(117,'MARILAR F. DE GUZMAN','Logged In','2017-07-24','03:29:07'),(118,'MARILAR F. DE GUZMAN','Logged In','2017-07-24','03:30:45'),(119,'MARILAR F. DE GUZMAN','Logged In','2017-07-24','05:52:08'),(120,'LEO JOSE L. LUZ','Logged In','2017-07-25','08:08:55'),(121,'LYSSA ANN F. JACOB','Logged In','2017-07-25','07:40:23'),(122,'LYSSA ANN F. JACOB','Logged In','2017-07-26','02:46:11'),(123,'LYSSA ANN F. JACOB','Logged In','2017-07-26','03:23:15'),(124,'LYSSA ANN F. JACOB','Payroll module created and tag to course Billing Specialist','2017-07-26','03:26:09'),(125,'LYSSA ANN F. JACOB','Add Video: Payroll Video from Payroll','2017-07-26','03:27:29'),(126,'LYSSA ANN F. JACOB','Add new Flash: M1 from  Payroll','2017-07-26','03:28:04'),(127,'LYSSA ANN F. JACOB','Add new Flash: M2 from  Payroll','2017-07-26','03:28:24'),(128,'LYSSA ANN F. JACOB','Add new Flash: M3 from  Payroll','2017-07-26','03:29:03'),(129,'LYSSA ANN F. JACOB','Add new Flash: M4 from  Payroll','2017-07-26','03:29:34'),(130,'LYSSA ANN F. JACOB','Add new Flash: M5 from  Payroll','2017-07-26','03:29:48'),(131,'LYSSA ANN F. JACOB','Add new Flash: M6 from  Payroll','2017-07-26','03:30:04'),(132,'RONNIE P. HAPSON','','2017-07-26','03:31:42'),(133,'RONNIE P. HAPSON','Start Module : Payroll  from course test5','2017-07-26','03:31:59'),(134,'RONNIE P. HAPSON','Finish Module and No Quiz : Payroll','2017-07-26','03:38:38'),(135,'RONNIE P. HAPSON','Start Quiz : M1 from course test5','2017-07-26','03:39:02'),(136,'RONNIE P. HAPSON','Start Quiz : Module 1 from course cyberoam','2017-07-26','03:41:32'),(137,'RONNIE P. HAPSON','Start Quiz : Module 1 from course cyberoam','2017-07-26','03:42:17'),(138,'RONNIE P. HAPSON','Start Quiz : M1 from course test5','2017-07-26','03:45:37'),(139,'LEO JOSE L. LUZ','Logged In','2017-07-26','03:46:12'),(140,'RONNIE P. HAPSON','Start Quiz : M1 from course test5','2017-07-26','03:46:31'),(141,'RONNIE P. HAPSON','Start Quiz : M1 from course test5','2017-07-26','11:48:58'),(142,'LEO JOSE L. LUZ','Logged In','2017-07-26','03:48:08'),(143,'LYSSA ANN F. JACOB','Logged In','2017-07-26','03:50:13'),(144,'RONNIE P. HAPSON','Finish Module and Quiz : M1  from course test5 and got score of 0','2017-07-26','03:52:52'),(145,'RONNIE P. HAPSON','Complete Course : test5','2017-07-26','03:52:52'),(146,'RONNIE P. HAPSON','Retake quiz on module M1  from course test5','2017-07-26','03:53:15'),(147,'RONNIE P. HAPSON','Start Quiz : M1 from course test5','2017-07-26','03:53:33'),(148,'RONNIE P. HAPSON','Finish Module and Quiz : M1  from course test5 and got score of 2','2017-07-26','03:53:48'),(149,'RONNIE P. HAPSON','Complete Course : test5','2017-07-26','03:53:48'),(150,'RONNIE P. HAPSON','Retake quiz on module M1  from course test5','2017-07-26','05:27:23'),(151,'RONNIE P. HAPSON','Finish Module and Quiz : M1  from course test5 and got score of 1','2017-07-26','05:27:33'),(152,'RONNIE P. HAPSON','Complete Course : test5','2017-07-26','05:27:33'),(153,'RONNIE P. HAPSON','Finish Module and No Quiz : Work Etiquette & Characteristic','2017-07-26','05:35:19'),(154,'RONNIE P. HAPSON','Complete Course : test5','2017-07-26','05:35:19'),(155,'LEO JOSE L. LUZ','Logged In','2017-07-26','07:48:15'),(156,'LEO JOSE L. LUZ','Logged In','2017-07-26','15:53:08'),(157,'LEO JOSE L. LUZ','Logged In','2017-07-26','07:52:12'),(158,'LEO JOSE L. LUZ','EarthQuake: Certificate of CATHY L. SESPEE had been generated','0000-00-00','07:52:48'),(159,'CATHY L. SESPEE','Logged In','2017-07-26','07:53:50'),(160,'CATHY L. SESPEE','Created Course ha','2017-07-26','07:54:31'),(161,'LEO JOSE L. LUZ','Logged In','2017-07-26','07:54:37'),(162,'CATHY L. SESPEE','ha Tagged to Billing Specialist','2017-07-26','07:54:39'),(163,'LEO JOSE L. LUZ','Logged In','2017-07-26','07:54:49'),(164,'CATHY L. SESPEE','Created Course ye','2017-07-26','07:55:08'),(165,'CATHY L. SESPEE','Course 3 disabled','2017-07-26','07:55:37'),(166,'CATHY L. SESPEE','Created Course haaaaaa','2017-07-26','07:55:54'),(167,'CATHY L. SESPEE','ye Tagged to Billing Specialist','2017-07-26','07:56:10'),(168,'CATHY L. SESPEE','Logged In','2017-07-26','07:56:59'),(169,'RONNIE P. HAPSON','Add Course : ha','2017-07-26','15:59:20'),(170,'RONNIE P. HAPSON','Add Course : ye','2017-07-26','15:59:20'),(171,'CATHY L. SESPEE','Logged In','2017-07-26','16:00:22'),(172,'CATHY L. SESPEE','Logged In','2017-07-26','08:01:55'),(173,'CATHY L. SESPEE','Logged In','2017-07-26','08:08:00'),(174,'LEO JOSE L. LUZ','Logged In','2017-07-26','16:12:04'),(175,'LEO JOSE L. LUZ','Edited fxdcf','2017-07-26','08:12:35'),(176,'MARILAR F. DE GUZMAN','Logged In','2017-07-27','02:00:36'),(177,'MARILAR F. DE GUZMAN','Logged In','2017-07-27','02:13:43'),(178,'LEO JOSE L. LUZ','Logged In','2017-07-27','02:14:49'),(179,'LEO JOSE L. LUZ','Created Course updatecourse','2017-07-27','02:15:52'),(180,'LEO JOSE L. LUZ','updatecourse Tagged to Billing Specialist','2017-07-27','02:15:59'),(181,'RONNIE P. HAPSON','Add Course : updatecourse','2017-07-27','02:17:03'),(182,'LEO JOSE L. LUZ','Logged In','2017-07-27','02:18:02'),(183,'LYSSA ANN F. JACOB','Logged In','2017-07-27','02:18:11'),(184,'LEO JOSE L. LUZ','EarthQuake: Certificate of CATHY L. SESPEE had been generated','0000-00-00','02:18:29'),(185,'RONNIE P. HAPSON','Finish Module and No Quiz : Payroll','2017-07-27','02:34:17'),(186,'RONNIE P. HAPSON','Complete Course : test5','2017-07-27','02:34:17'),(187,'RONNIE P. HAPSON','Finish Module and No Quiz : Payroll','2017-07-27','02:37:00'),(188,'RONNIE P. HAPSON','Complete Course : test5','2017-07-27','02:37:00'),(189,'LEO JOSE L. LUZ','Logged In','2017-07-27','02:45:53'),(190,'LEO JOSE L. LUZ','Logged In','2017-07-27','10:49:11'),(191,'LYSSA ANN F. JACOB','Logged In','2017-08-02','13:14:13'),(192,'LEO JOSE L. LUZ','Logged In','2017-08-02','15:52:29'),(193,'LEO JOSE L. LUZ','Logged In','2017-08-02','18:26:55'),(194,'CATHY L. SESPEE','Logged In','2017-08-02','22:46:32'),(195,'LEO JOSE L. LUZ','Logged In','2017-08-02','22:48:05'),(196,'LEO JOSE L. LUZ','Logged In','2017-08-02','22:48:08'),(197,'LEO JOSE L. LUZ','Logged In','2017-08-02','22:50:31'),(198,'LEO JOSE L. LUZ','Logged In','2017-08-02','22:51:29'),(199,'LYSSA ANN F. JACOB','Logged In','2017-08-04','08:51:47'),(200,'LYSSA ANN F. JACOB','Logged In','2017-08-04','08:55:54'),(201,'RONNIE P. HAPSON','Start Quiz : Module 1 from course cyberoam','2017-08-04','08:59:16'),(202,'RONNIE P. HAPSON','Finish Module and Quiz : Module 1  from course cyberoam and got score of 0','2017-08-04','08:59:19'),(203,'RONNIE P. HAPSON','Retake quiz on module Module 1  from course cyberoam','2017-08-04','08:59:58'),(204,'RONNIE P. HAPSON','Finish Module and Quiz : Module 1  from course cyberoam and got score of 1','2017-08-04','09:00:02'),(205,'RONNIE P. HAPSON','Retake quiz on module Module 1  from course cyberoam','2017-08-04','09:00:42'),(206,'RONNIE P. HAPSON','Finish Module and Quiz : Module 1  from course cyberoam and got score of 1','2017-08-04','09:00:45'),(207,'RONNIE P. HAPSON','Start Quiz : arnold from course cyberoam','2017-08-04','09:03:46'),(208,'RONNIE P. HAPSON','Finish Module and Quiz : arnold  from course cyberoam and got score of 1','2017-08-04','09:03:49'),(209,'RONNIE P. HAPSON','Retake quiz on module arnold  from course cyberoam','2017-08-04','09:04:07'),(210,'RONNIE P. HAPSON','Finish Module and Quiz : arnold  from course cyberoam and got score of 1','2017-08-04','09:04:12'),(211,'RONNIE P. HAPSON','Retake quiz on module arnold  from course cyberoam','2017-08-04','09:04:57'),(212,'RONNIE P. HAPSON','Finish Module and Quiz : arnold  from course cyberoam and got score of 1','2017-08-04','09:05:01'),(213,'LYSSA ANN F. JACOB','Logged In','2017-08-04','12:20:10'),(214,'LYSSA ANN F. JACOB','Logged In','2017-08-04','12:23:51'),(215,'LEO JOSE L. LUZ','Logged In','2017-08-05','22:49:56'),(216,'LEO JOSE L. LUZ','Logged In','2017-08-11','17:20:22'),(217,'LEO JOSE L. LUZ','Logged In','2017-08-11','17:23:04'),(218,'LEO JOSE L. LUZ','Logged In','2017-08-13','02:49:41'),(219,'LYSSA ANN F. JACOB','Logged In','2017-08-15','11:47:31'),(220,'LYSSA ANN F. JACOB','Logged In','2017-08-15','12:05:25'),(221,'LYSSA ANN F. JACOB','Logged In','2017-08-15','12:07:50'),(222,'LYSSA ANN F. JACOB','Webinar module created and tag to course Billing Specialist','2017-08-15','12:08:38'),(223,'LYSSA ANN F. JACOB','Add Video: Webinar from Webinar','2017-08-15','12:09:59'),(224,'LYSSA ANN F. JACOB','Add Video: Asthma Management from Webinar','2017-08-15','12:11:15'),(225,'LYSSA ANN F. JACOB','Add Video: Webinar I from Webinar','2017-08-15','12:12:01'),(226,'LYSSA ANN F. JACOB','Logged In','2017-08-15','12:17:15'),(227,'NORMANN R. ROMULO','Logged In','2017-08-15','12:18:28'),(228,'NORMANN R. ROMULO','Start Module','2017-08-15','12:18:43'),(229,'LYSSA ANN F. JACOB','Logged In','2017-08-15','12:19:01'),(230,'LYSSA ANN F. JACOB','Billing Specialist Tagged to Courier / Maintanance Personnel','2017-08-15','12:20:27'),(231,'NORMANN R. ROMULO','Logged In','2017-08-15','12:20:44'),(232,'NORMANN R. ROMULO','Start Course : Billing Specialist','2017-08-15','12:21:25'),(233,'NORMANN R. ROMULO','Start Module : Webinar  from course Billing Specialist','2017-08-15','12:21:27'),(234,'NORMANN R. ROMULO','Finish Module and No Quiz : Webinar','2017-08-15','12:24:47'),(235,'NORMANN R. ROMULO','Start Module : M1  from course Billing Specialist','2017-08-15','12:24:53'),(236,'NORMANN R. ROMULO','Start Quiz : M1 from course Billing Specialist','2017-08-15','12:25:51'),(237,'NORMANN R. ROMULO','Finish Module and Quiz : M1  from course Billing Specialist and got score of 3','2017-08-15','12:26:11'),(238,'NORMANN R. ROMULO','Start Module : Work Etiquette & Characteristic  from course Billing Specialist','2017-08-15','12:26:21'),(239,'NORMANN R. ROMULO','Finish Module and No Quiz : Work Etiquette & Characteristic','2017-08-15','12:29:18'),(240,'RONNIE P. HAPSON','','2017-08-15','13:11:20'),(241,'RONNIE P. HAPSON','Start Module : Webinar  from course Billing Specialist','2017-08-15','13:12:27'),(242,'RONNIE P. HAPSON','Finish Module and No Quiz : Webinar','2017-08-15','13:13:40'),(243,'RONNIE P. HAPSON','Complete Course : test5','2017-08-15','13:13:40'),(244,'RONNIE P. HAPSON','Complete Course : Billing Specialist','2017-08-15','13:13:40'),(245,'RONNIE P. HAPSON','Finish Module and No Quiz : arinolda','2017-08-15','13:15:19'),(246,'RONNIE P. HAPSON','Complete Course : cyberoam','2017-08-15','13:15:19'),(247,'LEO JOSE L. LUZ','Logged In','2017-08-15','23:33:41'),(248,'LEO JOSE L. LUZ','Logged In','2017-08-17','01:41:26'),(249,'LEO JOSE L. LUZ','Logged In','2017-08-17','01:48:00'),(250,'LEO JOSE L. LUZ','Logged In','2017-08-17','02:01:13'),(251,'LEO JOSE L. LUZ','Logged In','2017-08-17','07:54:36'),(252,'LYSSA ANN F. JACOB','Logged In','2017-08-18','08:52:37'),(253,'LYSSA ANN F. JACOB','Billing Specialist Tagged to Billing Specialist','2017-08-18','08:56:45'),(254,'LYSSA ANN F. JACOB','Logged In','2017-08-18','08:57:17'),(255,'LYSSA ANN F. JACOB','Remove Image: 4 from M1','2017-08-18','08:58:19'),(256,'LYSSA ANN F. JACOB','Logged In','2017-08-22','09:13:49'),(257,'LYSSA ANN F. JACOB','Logged In','2017-08-22','13:43:26'),(258,'LYSSA ANN F. JACOB','Logged In','2017-08-22','13:44:30'),(259,'LYSSA ANN F. JACOB','Logged In','2017-08-22','13:45:57'),(260,'LYSSA ANN F. JACOB','Course 2 disabled','2017-08-22','13:46:22'),(261,'LYSSA ANN F. JACOB','Course 1 disabled','2017-08-22','13:46:41'),(262,'LYSSA ANN F. JACOB','Created Course On-Boarding','2017-08-22','13:54:13'),(263,'LYSSA ANN F. JACOB','On-Boarding Tagged to Courier / Maintanance Personnel','2017-08-22','13:54:29'),(264,'NORMANN R. ROMULO','Add Course : On-Boarding','2017-08-22','13:55:26'),(265,'LYSSA ANN F. JACOB','Logged In','2017-08-22','13:55:53'),(266,'LYSSA ANN F. JACOB','On Boarding module created and tag to course On-Boarding','2017-08-22','13:57:02'),(267,'LYSSA ANN F. JACOB','Add new text: Halcyon Marine Healthcare Systems from  On Boarding','2017-08-22','13:58:37'),(268,'LYSSA ANN F. JACOB','Add new text: Welcome Aboard from  On Boarding','2017-08-22','13:59:31'),(269,'LYSSA ANN F. JACOB','Add Video: Customer Service from On Boarding','2017-08-22','14:00:47'),(270,'LYSSA ANN F. JACOB','Add new Flash: Module 1 from  On Boarding','2017-08-22','14:01:24'),(271,'LYSSA ANN F. JACOB','Add new Flash: Module 2 from  On Boarding','2017-08-22','14:01:54'),(272,'LYSSA ANN F. JACOB','Add new Flash: Module 3 from  On Boarding','2017-08-22','14:02:11'),(273,'LYSSA ANN F. JACOB','Add new Flash: 5S from  On Boarding','2017-08-22','14:02:27'),(274,'NORMANN R. ROMULO','Start Course : On-Boarding','2017-08-22','14:03:09'),(275,'LYSSA ANN F. JACOB','Logged In','2017-08-22','14:03:45'),(276,'LYSSA ANN F. JACOB','Maintenance Unit Manual module created and tag to course On-Boarding','2017-08-22','14:05:05'),(277,'LYSSA ANN F. JACOB','Add new text:  from  Maintenance Unit Manual','2017-08-22','14:07:12'),(278,'LYSSA ANN F. JACOB','Add new text: Unit Manual from  Maintenance Unit Manual','2017-08-22','14:07:51'),(279,'LYSSA ANN F. JACOB','Add new Image: Manual Image from  Maintenance Unit Manual','2017-08-22','14:09:05'),(280,'LYSSA ANN F. JACOB','Logged In','2017-08-22','14:22:14'),(281,'LYSSA ANN F. JACOB','Logged In','2017-08-22','14:23:31'),(282,'LYSSA ANN F. JACOB','Add Video:  from On Boarding','2017-08-22','14:24:35'),(283,'LYSSA ANN F. JACOB','Add new Question : A B C D E from On Boarding','2017-08-22','14:25:11'),(284,'LYSSA ANN F. JACOB','Add new Question : F G H I J  from On Boarding','2017-08-22','14:25:44'),(285,'LYSSA ANN F. JACOB','Customer Service module created and tag to course On-Boarding','2017-08-22','14:26:09'),(286,'LYSSA ANN F. JACOB','Logged In','2017-08-22','14:29:13'),(287,'LYSSA ANN F. JACOB','Logged In','2017-08-22','14:30:07'),(288,'LYSSA ANN F. JACOB','Billing module created and tag to course Billing Specialist','2017-08-22','14:30:32'),(289,'LYSSA ANN F. JACOB','Add new text: Company Orientation from  Billing','2017-08-22','14:31:22'),(290,'LYSSA ANN F. JACOB','Add new Image: Etiquette from  Billing','2017-08-22','14:31:54'),(291,'LYSSA ANN F. JACOB','Add Video: Video from Billing','2017-08-22','14:33:08'),(292,'LEO JOSE L. LUZ','Logged In','2017-08-22','17:11:37'),(293,'LYSSA ANN F. JACOB','Logged In','2017-08-22','17:19:56'),(294,'LEO JOSE L. LUZ','Logged In','2017-08-22','17:25:19'),(295,'LEO JOSE L. LUZ','Edited Courier / Maintanance Personnel','2017-08-22','17:27:58'),(296,'LYSSA ANN F. JACOB','Logged In','2017-08-23','14:13:02'),(297,'LYSSA ANN F. JACOB','Add new Flash:  from  Maintenance Unit Manual','2017-08-23','14:14:46'),(298,'LYSSA ANN F. JACOB','Add new Flash:  from  Customer Service','2017-08-23','14:15:08'),(299,'LYSSA ANN F. JACOB','Logged In','2017-08-23','14:18:46'),(300,'LYSSA ANN F. JACOB','Course 13 disabled','2017-08-23','14:25:49'),(301,'LYSSA ANN F. JACOB','Course 6 disabled','2017-08-23','14:25:58'),(302,'LYSSA ANN F. JACOB','Created Course NEW BILLING','2017-08-23','14:27:27'),(303,'LYSSA ANN F. JACOB','NEW BILLING Tagged to Billing Specialist','2017-08-23','14:27:45'),(304,'LYSSA ANN F. JACOB','Logged In','2017-08-23','14:28:04'),(305,'LYSSA ANN F. JACOB','NEW BILLING module created and tag to course NEW BILLING','2017-08-23','14:28:40'),(306,'LYSSA ANN F. JACOB','Add new text: COMPANY ORIENTATON from  NEW BILLING','2017-08-23','14:29:24'),(307,'LYSSA ANN F. JACOB','Add new Image: Encoder from  NEW BILLING','2017-08-23','14:29:42'),(308,'LYSSA ANN F. JACOB','Add Video: video from NEW BILLING','2017-08-23','14:30:25'),(309,'LYSSA ANN F. JACOB','Add new Flash:  from  NEW BILLING','2017-08-23','14:30:46'),(310,'RONNIE P. HAPSON','Add Course : NEW BILLING','2017-08-23','14:31:13'),(311,'RONNIE P. HAPSON','Add Course : NEW BILLING','2017-08-23','14:31:13'),(312,'RONNIE P. HAPSON','Start Course : NEW BILLING','2017-08-23','14:31:24'),(313,'RONNIE P. HAPSON','Start Module : Billing ','2017-08-23','14:31:26'),(314,'RONNIE P. HAPSON','Finish Module and No Quiz : Billing','2017-08-23','14:32:15'),(315,'RONNIE P. HAPSON','Start Module : NEW BILLING  from course NEW BILLING','2017-08-23','14:32:18'),(316,'RONNIE P. HAPSON','Finish Module and No Quiz : NEW BILLING','2017-08-23','14:32:48'),(317,'RONNIE P. HAPSON','Complete Course : NEW BILLING','2017-08-23','14:32:48'),(318,'LYSSA ANN F. JACOB','Logged In','2017-08-23','14:33:06'),(319,'LYSSA ANN F. JACOB','Logged In','2017-08-25','10:37:14'),(320,'LYSSA ANN F. JACOB','Add new Flash: 5S from  NEW BILLING','2017-08-25','11:02:29'),(321,'RONNIE P. HAPSON','Finish Module and No Quiz : Billing','2017-08-25','11:05:49'),(322,'LYSSA ANN F. JACOB','Logged In','2017-08-25','11:25:18'),(323,'LYSSA ANN F. JACOB','Logged In','2017-08-25','15:06:24'),(324,'LYSSA ANN F. JACOB','Logged In','2017-08-25','15:40:20'),(325,'LYSSA ANN F. JACOB','Billing Again module created and tag to course NEW BILLING','2017-08-25','15:40:56'),(326,'LYSSA ANN F. JACOB','Add new text: Life Saving TIps. :D from  Billing Again','2017-08-25','15:41:40'),(327,'LYSSA ANN F. JACOB','Add new Image: Frances from  Billing Again','2017-08-25','15:42:15'),(328,'LYSSA ANN F. JACOB','Add new Image: Jhandy from  Billing Again','2017-08-25','15:42:31'),(329,'LYSSA ANN F. JACOB','Add new Image: Mother from  Billing Again','2017-08-25','15:43:09'),(330,'LYSSA ANN F. JACOB','Add new Image: Renelyn from  Billing Again','2017-08-25','15:43:30'),(331,'LYSSA ANN F. JACOB','Add new Image: Gif from  Billing Again','2017-08-25','15:44:16'),(332,'LYSSA ANN F. JACOB','Add new Flash: 5S Again from  Billing Again','2017-08-25','15:45:35'),(333,'RONNIE P. HAPSON','','2017-08-25','15:45:55'),(334,'RONNIE P. HAPSON','Start Module : Billing Again  from course NEW BILLING','2017-08-25','15:46:51'),(335,'RONNIE P. HAPSON','Finish Module and No Quiz : Billing Again','2017-08-25','15:59:24'),(336,'RONNIE P. HAPSON','Complete Course : NEW BILLING','2017-08-25','15:59:24'),(337,'','Logged In','2017-09-01','00:53:36'),(338,'','Logged In','2017-09-01','00:54:01'),(339,'','Logged In','2017-09-01','01:10:08'),(340,'','Logged In','2017-09-01','01:10:34'),(341,'','Logged In','2017-09-01','01:28:52'),(342,'','Logged In','2017-09-01','01:29:11'),(343,'','Logged In','2017-09-01','01:29:41'),(344,'','Logged In','2017-09-01','13:39:30'),(345,'','Logged In','2017-09-02','09:46:49'),(346,'','Logged In','2017-09-03','22:29:52'),(347,'LYSSA ANN F. JACOB','Logged In','2017-09-05','08:50:31'),(348,'LEO JOSE L. LUZ','Logged In','2017-09-05','10:03:24'),(349,'LYSSA ANN F. JACOB','Add new text: JD from  NEW BILLING','2017-09-05','10:15:26'),(350,'LYSSA ANN F. JACOB','Remove text: JD from NEW BILLING','2017-09-05','10:16:10'),(351,'LYSSA ANN F. JACOB','Add new text: JD from  NEW BILLING','2017-09-05','10:17:22'),(352,'LEO JOSE L. LUZ','Logged In','2017-09-05','10:26:34'),(353,'LEO JOSE L. LUZ','Created Course test 2','2017-09-05','10:33:25'),(354,'LEO JOSE L. LUZ','test 2 Tagged to Courier / Maintanance Personnel','2017-09-05','10:33:43'),(355,'LEO JOSE L. LUZ','Module 1  module created and tag to course On-Boarding','2017-09-05','10:34:18'),(356,'LEO JOSE L. LUZ','asd module created and tag to course test 2','2017-09-05','10:34:37'),(357,'LEO JOSE L. LUZ','Add new text: test from  asd','2017-09-05','10:35:15'),(358,'NORMANN R. ROMULO','Add Course : test 2','2017-09-05','10:35:55'),(359,'NORMANN R. ROMULO','Add Course : test 2','2017-09-05','10:35:55'),(360,'NORMANN R. ROMULO','Add Course : test 2','2017-09-05','10:35:55'),(361,'NORMANN R. ROMULO','Add Course : test 2','2017-09-05','10:35:55'),(362,'NORMANN R. ROMULO','Add Course : test 2','2017-09-05','10:35:55'),(363,'NORMANN R. ROMULO','Add Course : test 2','2017-09-05','10:35:55'),(364,'NORMANN R. ROMULO','Start Course : test 2','2017-09-05','10:36:09'),(365,'NORMANN R. ROMULO','Start Module : Maintenance Unit Manual  from course On-Boarding','2017-09-05','10:40:32'),(366,'NORMANN R. ROMULO','Start Module : On Boarding  from course On-Boarding','2017-09-05','10:40:43'),(367,'LYSSA ANN F. JACOB','Logged In','2017-09-05','12:57:19'),(368,'LYSSA ANN F. JACOB','Course 14 disabled','2017-09-05','12:58:51'),(369,'LYSSA ANN F. JACOB','Course 16 disabled','2017-09-05','12:59:25'),(370,'LYSSA ANN F. JACOB','Course 3 disabled','2017-09-05','12:59:35'),(371,'LYSSA ANN F. JACOB','Logged In','2017-09-05','13:00:47'),(372,'LYSSA ANN F. JACOB','Logged In','2017-09-07','09:25:34'),(373,'LEO JOSE L. LUZ','Logged In','2017-09-08','10:04:27'),(374,'LYSSA ANN F. JACOB','Logged In','2017-09-08','10:49:22'),(375,'LYSSA ANN F. JACOB','Emergency Awareness module created and tag to course NEW BILLING','2017-09-08','10:50:22'),(376,'LEO JOSE L. LUZ','Logged In','2017-09-08','14:36:35'),(377,'LEO JOSE L. LUZ','Logged In','2017-09-10','03:02:21'),(378,'LEO JOSE L. LUZ','Logged In','2017-09-11','01:48:47'),(379,'LYSSA ANN F. JACOB','Logged In','2017-09-11','08:18:54'),(380,'LYSSA ANN F. JACOB','Logged In','2017-09-11','13:15:36'),(381,'LYSSA ANN F. JACOB','Logged In','2017-09-12','08:02:16'),(382,'LYSSA ANN F. JACOB','Course 7 disabled','2017-09-12','08:03:37'),(383,'LYSSA ANN F. JACOB','Logged In','2017-09-12','08:04:36'),(384,'LYSSA ANN F. JACOB','Logged In','2017-09-12','08:35:13'),(385,'LYSSA ANN F. JACOB','Logged In','2017-09-12','14:23:01'),(386,'LYSSA ANN F. JACOB','Logged In','2017-09-13','10:09:27'),(387,'LYSSA ANN F. JACOB','Logged In','2017-09-13','11:17:02'),(388,'LYSSA ANN F. JACOB','Created Course Trial','2017-09-13','11:18:57'),(389,'LYSSA ANN F. JACOB','Trial Tagged to Billing Specialist','2017-09-13','11:19:21'),(390,'LYSSA ANN F. JACOB','Logged In','2017-09-13','11:19:55'),(391,'LYSSA ANN F. JACOB','On-boarding Orientation module created and tag to course Trial','2017-09-13','11:20:25'),(392,'LYSSA ANN F. JACOB','Add new text: On Boarding from  On-boarding Orientation','2017-09-13','11:21:58'),(393,'LYSSA ANN F. JACOB','Add new Image:  from  On-boarding Orientation','2017-09-13','11:31:09'),(394,'LYSSA ANN F. JACOB','Add Video: Earthquake from On-boarding Orientation','2017-09-13','11:32:09'),(395,'LYSSA ANN F. JACOB','Add new Flash: WE from  On-boarding Orientation','2017-09-13','11:32:44'),(396,'LYSSA ANN F. JACOB','Policies module created and tag to course Trial','2017-09-13','11:33:00'),(397,'LYSSA ANN F. JACOB','Add new text: Company Policy from  Policies','2017-09-13','11:38:40'),(398,'LYSSA ANN F. JACOB','Add new Flash: m from  Policies','2017-09-13','11:39:31'),(399,'LYSSA ANN F. JACOB','Recruitment Process module created and tag to course Trial','2017-09-13','11:40:12'),(400,'LYSSA ANN F. JACOB','Add new text: Recruitment Process from  Recruitment Process','2017-09-13','11:41:34'),(401,'LYSSA ANN F. JACOB','Add Video: Clinic schedule from Recruitment Process','2017-09-13','11:42:09'),(402,'LYSSA ANN F. JACOB','Add Video: procedure from Recruitment Process','2017-09-13','11:42:35'),(403,'LYSSA ANN F. JACOB','Add Video: Fire Safety from Recruitment Process','2017-09-13','11:43:42'),(404,'LYSSA ANN F. JACOB','Add Video: preparedness from Policies','2017-09-13','11:44:26'),(405,'RONNIE P. HAPSON','Add Course : Trial','2017-09-13','11:44:39'),(406,'RONNIE P. HAPSON','Add Course : Trial','2017-09-13','11:44:39'),(407,'RONNIE P. HAPSON','Finish Module and No Quiz : NEW BILLING','2017-09-13','11:46:31'),(408,'RONNIE P. HAPSON','Finish Module and No Quiz : Billing Again','2017-09-13','11:47:56'),(409,'RONNIE P. HAPSON','Start Course : Trial','2017-09-13','11:48:00'),(410,'RONNIE P. HAPSON','Start Module : On-boarding Orientation  from course Trial','2017-09-13','11:48:04'),(411,'RONNIE P. HAPSON','Finish Module and No Quiz : On-boarding Orientation','2017-09-13','11:48:33'),(412,'RONNIE P. HAPSON','Start Module : Policies  from course Trial','2017-09-13','11:48:39'),(413,'RONNIE P. HAPSON','Finish Module and No Quiz : On-boarding Orientation','2017-09-13','11:50:12'),(414,'RONNIE P. HAPSON','Start Module : Emergency Awareness  from course NEW BILLING','2017-09-13','11:50:21'),(415,'RONNIE P. HAPSON','Finish Module and No Quiz : Emergency Awareness','2017-09-13','11:50:29'),(416,'RONNIE P. HAPSON','Complete Course : NEW BILLING','2017-09-13','11:50:29'),(417,'RONNIE P. HAPSON','Finish Module and No Quiz : Policies','2017-09-13','11:52:00'),(418,'RONNIE P. HAPSON','Start Module : Recruitment Process  from course Trial','2017-09-13','11:52:02'),(419,'RONNIE P. HAPSON','Finish Module and No Quiz : Recruitment Process','2017-09-13','11:53:15'),(420,'RONNIE P. HAPSON','Complete Course : Trial','2017-09-13','11:53:15'),(421,'LYSSA ANN F. JACOB','Logged In','2017-09-13','11:54:43'),(422,'LYSSA ANN F. JACOB','EarthQuake: Certificate of RONNIE P. HAPSON had been generated','0000-00-00','11:56:34'),(423,'RONNIE P. HAPSON','Finish Module and No Quiz : Billing Again','2017-09-13','13:42:20'),(424,'RONNIE P. HAPSON','Complete Course : NEW BILLING','2017-09-13','13:42:20'),(425,'LYSSA ANN F. JACOB','Logged In','2017-09-14','10:45:34'),(426,'LYSSA ANN F. JACOB','Add new Question : What is a seabird known to those who sail? from On-boarding Orientation','2017-09-14','11:47:32'),(427,'LYSSA ANN F. JACOB','Logged In','2017-09-14','12:59:23'),(428,'LEO JOSE L. LUZ','Logged In','2017-09-14','13:10:59'),(429,'LYSSA ANN F. JACOB','Add new Question : In what year was Halcyon Marine Healthcare Systems established? from On-boarding Orientation','2017-09-14','13:16:23'),(430,'LYSSA ANN F. JACOB','Add new Question : In case of emergency, in what time should the staff inform their supervisor either thru text or call in order to avoid \"AWOL\" from On-boarding Orientation','2017-09-14','13:39:57'),(431,'LYSSA ANN F. JACOB','Add new Question : What do you need to submit if you are not able to go to the office due to sickness for 2-3 days? from On-boarding Orientation','2017-09-14','13:47:50'),(432,'LYSSA ANN F. JACOB','Logged In','2017-09-14','13:56:30'),(433,'LYSSA ANN F. JACOB','Logged In','2017-09-14','14:40:55'),(434,'LYSSA ANN F. JACOB','Logged In','2017-09-14','15:31:31'),(435,'LYSSA ANN F. JACOB','Logged In','2017-09-14','16:17:14'),(436,'LYSSA ANN F. JACOB','5S and Work Etiquette module created and tag to course Trial','2017-09-14','16:19:48'),(437,'LYSSA ANN F. JACOB','Module Recruitment Process Deleted','2017-09-14','16:20:04'),(438,'LYSSA ANN F. JACOB','Module On-boarding Orientation Change to E-learning','2017-09-14','16:20:18'),(439,'LYSSA ANN F. JACOB','Module Policies Deleted','2017-09-14','16:20:31'),(440,'LYSSA ANN F. JACOB','Customer Service module created and tag to course Trial','2017-09-14','16:21:07'),(441,'LYSSA ANN F. JACOB','Emergency Awareness module created and tag to course Trial','2017-09-14','16:21:30'),(442,'LYSSA ANN F. JACOB','Work Instruction module created and tag to course Trial','2017-09-14','16:23:03'),(443,'LYSSA ANN F. JACOB','Logged In','2017-09-15','12:58:25'),(444,'LYSSA ANN F. JACOB','Logged In','2017-09-18','11:31:13'),(445,'LYSSA ANN F. JACOB','Logged In','2017-09-18','12:29:12'),(446,'LYSSA ANN F. JACOB','Add new Question : How many working hours are required during Thursday? from E-learning','2017-09-18','14:51:12'),(447,'LYSSA ANN F. JACOB','Add new Question : Unapproved leave shall be considered as...? from E-learning','2017-09-18','14:52:37'),(448,'LYSSA ANN F. JACOB','Add new Question : Any employee who have suggestions/complaints should bring up the matter to their _______? from E-learning','2017-09-18','14:54:06'),(449,'LYSSA ANN F. JACOB','Add new Question : _____ should be worn all the time while inside the company premises from E-learning','2017-09-18','14:55:10'),(450,'LYSSA ANN F. JACOB','Add new Question : Failure of the employee to ______ their superior (3) three times in one month shall be meted a Disciplinary Action from E-learning','2017-09-18','14:58:57'),(451,'LYSSA ANN F. JACOB','Add new Question : Denim pants/blouse are only allowed during _______? from E-learning','2017-09-18','14:59:53'),(452,'LYSSA ANN F. JACOB','Add new Question : Where does an employee should place their personal belonging? from E-learning','2017-09-18','15:01:28'),(453,'RONNIE P. HAPSON','','2017-09-18','15:02:02'),(454,'RONNIE P. HAPSON','','2017-09-18','15:02:02'),(455,'RONNIE P. HAPSON','','2017-09-18','15:02:02'),(456,'RONNIE P. HAPSON','','2017-09-18','15:02:02'),(457,'RONNIE P. HAPSON','Retake quiz on module E-learning  from course Trial','2017-09-18','15:03:05'),(458,'RONNIE P. HAPSON','Finish Module and Quiz : E-learning  from course Trial and got score of 0','2017-09-18','15:03:05'),(459,'RONNIE P. HAPSON','Start Module : 5S and Work Etiquette  from course Trial','2017-09-18','15:03:14'),(460,'RONNIE P. HAPSON','Finish Module and No Quiz : 5S and Work Etiquette','2017-09-18','15:03:26'),(461,'RONNIE P. HAPSON','Start Module : Customer Service  from course Trial','2017-09-18','15:03:31'),(462,'RONNIE P. HAPSON','Finish Module and No Quiz : Customer Service','2017-09-18','15:03:41'),(463,'RONNIE P. HAPSON','Start Module : Emergency Awareness  from course Trial','2017-09-18','15:03:45'),(464,'RONNIE P. HAPSON','Finish Module and No Quiz : Emergency Awareness','2017-09-18','15:03:54'),(465,'RONNIE P. HAPSON','Start Module : Work Instruction  from course Trial','2017-09-18','15:03:59'),(466,'RONNIE P. HAPSON','Finish Module and No Quiz : Work Instruction','2017-09-18','15:04:10'),(467,'RONNIE P. HAPSON','Complete Course : Trial','2017-09-18','15:04:10'),(468,'RONNIE P. HAPSON','Retake quiz on module E-learning  from course Trial','2017-09-18','15:04:27'),(469,'RONNIE P. HAPSON','Finish Module and Quiz : E-learning  from course Trial and got score of 0','2017-09-18','15:04:27'),(470,'RONNIE P. HAPSON','Complete Course : Trial','2017-09-18','15:04:27'),(471,'LYSSA ANN F. JACOB','Logged In','2017-09-18','15:05:09'),(472,'LYSSA ANN F. JACOB','Logged In','2017-09-18','15:10:41'),(473,'LEO JOSE L. LUZ','Logged In','2017-09-18','07:54:09'),(474,'LYSSA ANN F. JACOB','Logged In','2017-09-19','10:52:52'),(475,'LYSSA ANN F. JACOB','Logged In','2017-09-19','10:55:56'),(476,'LYSSA ANN F. JACOB','Logged In','2017-09-19','14:00:58'),(477,'LYSSA ANN F. JACOB','Add new text: About Halcyon from  E-learning','2017-09-19','14:42:37'),(478,'LYSSA ANN F. JACOB','Add new Image: Halcyon Marine from  E-learning','2017-09-19','15:34:06'),(479,'LYSSA ANN F. JACOB','Add new Image:  from  E-learning','2017-09-19','15:34:41'),(480,'LYSSA ANN F. JACOB','Add new Image:  from  E-learning','2017-09-19','15:34:55'),(481,'LYSSA ANN F. JACOB','Add new Image: HMHS Mission from  E-learning','2017-09-19','16:27:31'),(482,'LYSSA ANN F. JACOB','Add new Image: HMHS Vision from  E-learning','2017-09-19','16:27:50'),(483,'LYSSA ANN F. JACOB','Add new Image: HMHS Vision I from  E-learning','2017-09-19','16:28:19'),(484,'LYSSA ANN F. JACOB','Add new Image: HMHS Core Values from  E-learning','2017-09-19','16:28:38'),(485,'LYSSA ANN F. JACOB','Add new Image: The Management Team from  E-learning','2017-09-19','16:29:00'),(486,'LYSSA ANN F. JACOB','Logged In','2017-09-19','16:37:59'),(487,'LYSSA ANN F. JACOB','Remove Image:  from E-learning','2017-09-19','16:38:32'),(488,'LYSSA ANN F. JACOB','Remove Video: Earthquake from E-learning','2017-09-19','16:38:45'),(489,'LYSSA ANN F. JACOB','Add Video: Earthquake Awareness from E-learning','2017-09-19','16:39:41'),(490,'LYSSA ANN F. JACOB','Remove Video: Earthquake Awareness from E-learning','2017-09-19','16:45:13'),(491,'LYSSA ANN F. JACOB','Remove Flash: WE from E-learning','2017-09-19','16:45:23'),(492,'LYSSA ANN F. JACOB','Add new Flash: On boarding Orientation from  E-learning','2017-09-19','16:46:20'),(493,'LYSSA ANN F. JACOB','Add Video: Earthquake Awareness from E-learning','2017-09-19','16:47:31'),(494,'LYSSA ANN F. JACOB','Add Video: Earthquake from E-learning','2017-09-19','16:48:08'),(495,'LYSSA ANN F. JACOB','Add Video: When the Earth shakes from E-learning','2017-09-19','16:48:32'),(496,'LYSSA ANN F. JACOB','Add Video:  from E-learning','2017-09-19','16:48:49'),(497,'LYSSA ANN F. JACOB','Add Video: During Earthquake from E-learning','2017-09-19','16:49:55'),(498,'LYSSA ANN F. JACOB','Add new Flash: Work Expectation from  E-learning','2017-09-19','16:52:18'),(499,'LYSSA ANN F. JACOB','Add new Flash: Employee Relations from  E-learning','2017-09-19','16:52:45'),(500,'LYSSA ANN F. JACOB','Add new Flash: Career and Development from  E-learning','2017-09-19','16:53:30'),(501,'LYSSA ANN F. JACOB','Add new Flash: Housekeeping, Safe keeping, & Security from  E-learning','2017-09-19','16:54:16'),(502,'LYSSA ANN F. JACOB','Logged In','2017-09-20','13:56:08'),(503,'LYSSA ANN F. JACOB','Logged In','2017-09-20','16:27:31'),(504,'LYSSA ANN F. JACOB','Add new text: sds from  Emergency Awareness','2017-09-20','16:41:38'),(505,'LYSSA ANN F. JACOB','Add new Question : Wearing of denim pants/blouse are only allowed during_____? from Emergency Awareness','2017-09-20','16:45:43'),(506,'LYSSA ANN F. JACOB','Add new Question : _____ should always be worn while inside the company premises from Emergency Awareness','2017-09-20','16:47:51'),(507,'LYSSA ANN F. JACOB','Logged In','2017-09-21','10:17:15'),(508,'LYSSA ANN F. JACOB','Add new text: Customer Service from  Customer Service','2017-09-21','10:40:15'),(509,'LYSSA ANN F. JACOB','Logged In','2017-09-21','10:50:46'),(510,'LYSSA ANN F. JACOB','Logged In','2017-09-21','11:31:13'),(511,'LYSSA ANN F. JACOB','Logged In','2017-09-21','11:53:35'),(512,'LYSSA ANN F. JACOB','Add new Flash: Work Etiquettez. from  5S and Work Etiquette','2017-09-21','11:54:28'),(513,'LYSSA ANN F. JACOB','Remove text: sds from Emergency Awareness','2017-09-21','11:54:39'),(514,'LEO JOSE L. LUZ','Logged In','2017-09-26','21:50:26'),(515,'LEO JOSE L. LUZ','Logged In','2017-09-27','09:48:55'),(516,'LEO JOSE L. LUZ','Logged In','2017-09-28','01:18:06'),(517,'LYSSA ANN F. JACOB','Logged In','2017-09-29','10:05:50'),(518,'LYSSA ANN F. JACOB','Logged In','2017-10-05','08:38:04'),(519,'LYSSA ANN F. JACOB','Logged In','2017-10-05','08:39:32'),(520,'LEO JOSE L. LUZ','Logged In','2017-10-10','23:10:47'),(521,'LEO JOSE L. LUZ','Logged In','2017-10-11','17:51:15'),(522,'LEO JOSE L. LUZ','Logged In','2017-10-11','18:09:32'),(523,'LEO JOSE L. LUZ','Logged In','2017-10-12','17:59:20'),(524,'LEO JOSE L. LUZ','Logged In','2017-10-12','18:28:15'),(525,'LEO JOSE L. LUZ','Export Excel','2017-10-12','18:43:12'),(526,'LEO JOSE L. LUZ','Export Excel','2017-10-12','18:45:31'),(527,'LEO JOSE L. LUZ','Export Excel','2017-10-12','18:48:26'),(528,'LEO JOSE L. LUZ','Created Course Testing','2017-10-12','19:05:52'),(529,'LEO JOSE L. LUZ','Testing Tagged to Billing Specialist','2017-10-12','19:07:23'),(530,'LEO JOSE L. LUZ','Testing Tagged to Purchasing Assistant','2017-10-12','19:09:57'),(531,'LEO JOSE L. LUZ','Created Course Testing #2','2017-10-12','19:17:41'),(532,'LEO JOSE L. LUZ','M1 module created and tag to course Testing #2','2017-10-12','19:25:50'),(533,'LEO JOSE L. LUZ','Module M1 Change to C1','2017-10-12','19:26:42'),(534,'LEO JOSE L. LUZ','Add new text: Introduction from  C1','2017-10-12','19:29:01'),(535,'LEO JOSE L. LUZ','Add new text: Intro 2 from  C1','2017-10-12','19:29:40'),(536,'LEO JOSE L. LUZ','Add new Image: image sample from  C1','2017-10-12','19:30:30'),(537,'LEO JOSE L. LUZ','Add new Question : This is the question from C1','2017-10-12','19:35:32'),(538,'LEO JOSE L. LUZ','c module created and tag to course Xea','2017-10-12','19:37:25'),(539,'LEO JOSE L. LUZ','C2 module created and tag to course Testing #2','2017-10-12','19:37:51'),(540,'LEO JOSE L. LUZ','C3 module created and tag to course Testing #2','2017-10-12','19:38:20'),(541,'CATHY L. SESPEE','Logged In','2017-10-12','19:40:59'),(542,'RONNIE P. HAPSON','','2017-10-12','19:44:26'),(543,'LEO JOSE L. LUZ','Testing #2 Tagged to Billing Specialist','2017-10-12','19:52:25'),(544,'RONNIE P. HAPSON','Add Course : Testing #2','2017-10-12','19:53:04'),(545,'RONNIE P. HAPSON','Update Question Module : Emergency Awareness from course Trial','2017-10-12','19:53:04'),(546,'RONNIE P. HAPSON','Start Course : Testing #2','2017-10-12','19:53:56'),(547,'RONNIE P. HAPSON','Start Module : C1  from course Testing #2','2017-10-12','19:54:03'),(548,'RONNIE P. HAPSON','Start Quiz : C1 from course Testing #2','2017-10-12','19:55:11'),(549,'RONNIE P. HAPSON','Finish Module and Quiz : C1  from course Testing #2 and got score of 1','2017-10-12','19:56:08'),(550,'RONNIE P. HAPSON','Start Module : C2  from course Testing #2','2017-10-12','19:57:48'),(551,'RONNIE P. HAPSON','Finish Module and No Quiz : C2','2017-10-12','19:58:58'),(552,'RONNIE P. HAPSON','Start Module : C3  from course Testing #2','2017-10-12','19:59:12'),(553,'RONNIE P. HAPSON','Finish Module and No Quiz : C3','2017-10-12','19:59:41'),(554,'RONNIE P. HAPSON','Complete Course : Testing #2','2017-10-12','19:59:41'),(555,'CATHY L. SESPEE','Logged In','2017-10-12','20:06:36'),(556,'CATHY L. SESPEE','Logged In','2017-10-12','20:11:09'),(557,'LEO JOSE L. LUZ','Logged In','2017-10-12','20:53:07'),(558,'LEO JOSE L. LUZ','Export Excel','2017-10-12','20:55:38'),(559,'LEO JOSE L. LUZ','Created Course Testing #3','2017-10-12','21:02:24'),(560,'LEO JOSE L. LUZ','Testing #3 Tagged to Billing Specialist','2017-10-12','21:03:28'),(561,'RONNIE P. HAPSON','Add Course : Testing #3','2017-10-12','21:07:23'),(562,'LEO JOSE L. LUZ','H1 module created and tag to course Testing #3','2017-10-12','21:09:00'),(563,'LEO JOSE L. LUZ','Add new text: intro from  H1','2017-10-12','21:09:42'),(564,'LEO JOSE L. LUZ','Add new Question : eto yung tanong from H1','2017-10-12','21:13:13'),(565,'RONNIE P. HAPSON','','2017-10-12','21:14:18'),(566,'RONNIE P. HAPSON','Start Course : Testing #3','2017-10-12','21:15:39'),(567,'RONNIE P. HAPSON','Start Module : H1  from course Testing #3','2017-10-12','21:15:43'),(568,'RONNIE P. HAPSON','Start Quiz : H1 from course Testing #3','2017-10-12','21:16:19'),(569,'RONNIE P. HAPSON','Finish Module and Quiz : H1  from course Testing #3 and got score of 1','2017-10-12','21:16:51'),(570,'RONNIE P. HAPSON','Complete Course : Testing #3','2017-10-12','21:16:51'),(571,'RONNIE P. HAPSON','Retake quiz on module H1  from course Testing #3','2017-10-12','21:17:26'),(572,'RONNIE P. HAPSON','Finish Module and Quiz : H1  from course Testing #3 and got score of 0','2017-10-12','21:17:34'),(573,'RONNIE P. HAPSON','Complete Course : Testing #3','2017-10-12','21:17:34'),(574,'RONNIE P. HAPSON','Retake quiz on module H1  from course Testing #3','2017-10-12','21:18:02'),(575,'RONNIE P. HAPSON','Finish Module and Quiz : H1  from course Testing #3 and got score of 1','2017-10-12','21:18:11'),(576,'RONNIE P. HAPSON','Complete Course : Testing #3','2017-10-12','21:18:11'),(577,'RONNIE P. HAPSON','Start Module : c ','2017-10-12','21:19:08'),(578,'CATHY L. SESPEE','Logged In','2017-10-12','21:23:40'),(579,'LEO JOSE L. LUZ','Logged In','2017-10-12','21:24:17'),(580,'LEO JOSE L. LUZ','Logged In','2017-10-12','23:03:04'),(581,'LYSSA ANN F. JACOB','Logged In','2017-10-16','11:33:08'),(582,'LEO JOSE L. LUZ','Logged In','2017-10-21','11:27:02'),(583,'LEO JOSE L. LUZ','Logged In','2017-10-21','13:52:48'),(584,'RONNIE P. HAPSON','Finish Module and No Quiz : NEW BILLING','2017-10-21','13:59:25'),(585,'RONNIE P. HAPSON','Complete Course : NEW BILLING','2017-10-21','13:59:25'),(586,'LEO JOSE L. LUZ','Logged In','2017-10-21','14:00:06'),(587,'LYSSA ANN F. JACOB','Logged In','2017-10-23','09:09:36'),(588,'LYSSA ANN F. JACOB','Logged In','2017-10-24','08:16:32'),(589,'LYSSA ANN F. JACOB','Logged In','2017-10-24','12:13:13'),(590,'LYSSA ANN F. JACOB','Logged In','2017-10-24','13:49:33'),(591,'LYSSA ANN F. JACOB','Logged In','2017-10-26','09:45:54'),(592,'LYSSA ANN F. JACOB','Logged In','2017-11-02','11:58:01'),(593,'LYSSA ANN F. JACOB','Logged In','2017-11-08','14:12:42'),(594,'LYSSA ANN F. JACOB','Logged In','2017-11-08','15:10:22'),(595,'LYSSA ANN F. JACOB','Logged In','2017-11-16','08:39:17'),(596,'LYSSA ANN F. JACOB','Add new text: Halcyon is from  E-learning','2017-11-16','09:10:27'),(597,'LYSSA ANN F. JACOB','Add new text: Halcyon was established ... from  E-learning','2017-11-16','09:11:02'),(598,'LYSSA ANN F. JACOB','Add new text: Through from  E-learning','2017-11-16','09:11:27'),(599,'LEO JOSE L. LUZ','Logged In','2017-11-17','14:26:57'),(600,'LEO JOSE L. LUZ','Course 17 disabled','2017-11-17','14:31:02'),(601,'RONNIE P. HAPSON','Finish Module and No Quiz : NEW BILLING','2017-11-17','14:32:39'),(602,'RONNIE P. HAPSON','Complete Course : NEW BILLING','2017-11-17','14:32:39'),(603,'LYSSA ANN F. JACOB','Logged In','2017-11-22','15:46:06'),(604,'LYSSA ANN F. JACOB','Logged In','2017-11-22','15:50:28'),(605,'LYSSA ANN F. JACOB','Logged In','2017-11-22','15:56:16'),(606,'LYSSA ANN F. JACOB','Logged In','2017-11-24','09:07:26'),(607,'LYSSA ANN F. JACOB','Add new text: GHASDASGHDF from  NEW BILLING','2017-11-24','09:15:54'),(608,'LYSSA ANN F. JACOB','Logged In','2017-11-24','09:19:37'),(609,'LEO JOSE L. LUZ','Logged In','2017-11-24','09:20:34'),(610,'RONNIE P. HAPSON','Finish Module and No Quiz : c','2017-11-24','09:21:41'),(611,'RONNIE P. HAPSON','Finish Module and No Quiz : Billing','2017-11-24','09:22:31'),(612,'LYSSA ANN F. JACOB','Logged In','2017-11-24','09:23:33'),(613,'LYSSA ANN F. JACOB','Add Video:  from Billing','2017-11-24','09:33:30'),(614,'LYSSA ANN F. JACOB','Logged In','2017-11-27','15:15:29'),(615,'LYSSA ANN F. JACOB','Remove Image: Frances from Billing Again','2017-11-27','15:16:33'),(616,'LYSSA ANN F. JACOB','Remove Image: Jhandy from Billing Again','2017-11-27','15:16:42'),(617,'LYSSA ANN F. JACOB','Remove Image: Mother from Billing Again','2017-11-27','15:16:52'),(618,'LYSSA ANN F. JACOB','Remove text: COMPANY ORIENTATON from NEW BILLING','2017-11-27','15:16:59'),(619,'LYSSA ANN F. JACOB','Remove Image: Renelyn from Billing Again','2017-11-27','15:17:09'),(620,'LYSSA ANN F. JACOB','Course 1 disabled','2017-11-27','15:19:15'),(621,'LYSSA ANN F. JACOB','Course 2 disabled','2017-11-27','15:19:26'),(622,'LYSSA ANN F. JACOB','Course 20 disabled','2017-11-27','15:20:04'),(623,'LYSSA ANN F. JACOB','Course 19 disabled','2017-11-27','15:20:12'),(624,'LYSSA ANN F. JACOB','Course 15 disabled','2017-11-27','15:20:21'),(625,'LYSSA ANN F. JACOB','Course 11 disabled','2017-11-27','15:20:30'),(626,'LYSSA ANN F. JACOB','Course 10 disabled','2017-11-27','15:20:36'),(627,'LYSSA ANN F. JACOB','Logged In','2017-11-27','15:21:04'),(628,'LYSSA ANN F. JACOB','Created Course Billing New','2017-11-27','15:27:23'),(629,'LYSSA ANN F. JACOB','Logged In','2017-11-27','15:28:14'),(630,'LYSSA ANN F. JACOB','Created Course NEW BILLING','2017-11-27','15:44:44'),(631,'LYSSA ANN F. JACOB','Logged In','2017-11-27','15:45:14'),(632,'LYSSA ANN F. JACOB','Billing Specialist Tagged to Billing Specialist','2017-11-27','15:46:03'),(633,'LYSSA ANN F. JACOB','Logged In','2017-11-27','15:46:18'),(634,'LYSSA ANN F. JACOB','Logged In','2017-11-27','15:49:04'),(635,'LYSSA ANN F. JACOB','Billing new module created and tag to course Billing Specialist','2017-11-27','15:50:06'),(636,'LYSSA ANN F. JACOB','Add new text: Halcyon Is from  Billing new','2017-11-27','15:55:21'),(637,'LEO JOSE L. LUZ','Logged In','2017-12-02','05:42:07'),(638,'LEO JOSE L. LUZ','Logged In','2017-12-08','23:11:16'),(639,'LYSSA ANN F. JACOB','Logged In','2017-12-14','12:35:06'),(640,'LYSSA ANN F. JACOB','Logged In','2017-12-22','08:18:52'),(641,'LEO JOSE L. LUZ','Logged In','2017-12-22','08:43:10');

/*Table structure for table `mdl_progress` */

DROP TABLE IF EXISTS `mdl_progress`;

CREATE TABLE `mdl_progress` (
  `user_mpID` int(255) NOT NULL AUTO_INCREMENT,
  `userId` int(255) DEFAULT NULL,
  `moduleId` int(255) DEFAULT NULL,
  `status` enum('Pending','On-going','Completed') DEFAULT NULL,
  `quiz_status` enum('Pending','Completed') DEFAULT NULL,
  `datetime_start` datetime DEFAULT NULL,
  `datetime_end` datetime DEFAULT NULL,
  `quiz_total` int(255) DEFAULT NULL,
  `isStart` int(1) DEFAULT NULL,
  `isFinish` int(1) DEFAULT NULL,
  PRIMARY KEY (`user_mpID`)
) ENGINE=InnoDB AUTO_INCREMENT=36 DEFAULT CHARSET=latin1;

/*Data for the table `mdl_progress` */

insert  into `mdl_progress`(`user_mpID`,`userId`,`moduleId`,`status`,`quiz_status`,`datetime_start`,`datetime_end`,`quiz_total`,`isStart`,`isFinish`) values (1,97,1,'Completed','Completed','2017-08-04 09:00:42','2017-08-04 09:00:45',1,1,1),(2,97,5,'Completed','Completed','2017-08-04 09:04:57','2017-08-04 09:05:01',1,1,1),(3,97,2,'Completed','Completed','2017-07-26 05:27:23','2017-07-26 05:27:33',1,1,1),(4,97,3,'Completed','Completed','2017-07-20 04:02:08','2017-07-20 04:06:00',0,1,1),(5,97,4,'Completed','Completed','2017-07-20 04:02:22','2017-07-26 05:35:19',0,1,1),(6,97,9,'Completed','Completed','2017-07-21 09:41:59','2017-08-15 13:15:19',0,1,1),(7,97,10,'Completed','Completed','2017-07-26 03:31:59','2017-07-27 02:37:00',0,1,1),(8,226,2,'Completed','Completed','2017-08-15 12:25:51','2017-08-15 12:26:11',3,1,1),(9,226,3,'Pending','Pending',NULL,NULL,NULL,NULL,NULL),(10,226,4,'Completed','Completed','2017-08-15 12:26:21','2017-08-15 12:29:18',0,1,1),(11,226,10,'Pending','Pending',NULL,NULL,NULL,NULL,NULL),(12,226,11,'Completed','Completed','2017-08-15 12:21:27','2017-08-15 12:24:47',0,1,1),(13,97,11,'Completed','Completed','2017-08-15 13:12:27','2017-08-15 13:13:40',0,1,1),(14,97,16,'Completed','Completed','2017-08-23 14:32:18','2017-11-17 14:32:39',0,1,1),(15,97,15,'Completed','Completed','2017-08-23 14:31:26','2017-11-24 09:22:31',0,1,1),(16,97,17,'Completed','Completed','2017-08-25 15:46:51','2017-09-13 13:42:20',0,1,1),(17,226,19,'Pending','Pending',NULL,NULL,NULL,NULL,NULL),(18,226,15,'Pending','Pending',NULL,NULL,NULL,NULL,NULL),(19,226,12,'On-going','Pending','2017-09-05 10:40:43',NULL,NULL,1,NULL),(20,226,13,'On-going','Pending','2017-09-05 10:40:32',NULL,NULL,1,NULL),(21,226,14,'Pending','Pending',NULL,NULL,NULL,NULL,NULL),(22,226,18,'Pending','Pending',NULL,NULL,NULL,NULL,NULL),(23,97,21,'Completed','Completed','2017-09-18 15:04:27','2017-09-18 15:04:27',0,1,1),(24,97,22,'Completed','Completed','2017-09-13 11:48:39','2017-09-13 11:52:00',0,1,1),(25,97,23,'Completed','Completed','2017-09-13 11:52:02','2017-09-13 11:53:15',0,1,1),(26,97,20,'Completed','Completed','2017-09-13 11:50:21','2017-09-13 11:50:29',0,1,1),(27,97,24,'Completed','Completed','2017-09-18 15:03:14','2017-09-18 15:03:26',0,1,1),(28,97,25,'Completed','Completed','2017-09-18 15:03:31','2017-09-18 15:03:41',0,1,1),(29,97,26,'Completed','Completed','2017-09-18 15:03:45','2017-09-18 15:03:54',0,1,1),(30,97,27,'Completed','Completed','2017-09-18 15:03:59','2017-09-18 15:04:10',0,1,1),(31,97,29,'Completed','Completed','2017-10-12 21:19:08','2017-11-24 09:21:41',0,1,1),(32,97,28,'Completed','Completed','2017-10-12 19:55:11','2017-10-12 19:56:08',1,1,1),(33,97,30,'Completed','Completed','2017-10-12 19:57:48','2017-10-12 19:58:58',0,1,1),(34,97,31,'Completed','Completed','2017-10-12 19:59:12','2017-10-12 19:59:41',0,1,1),(35,97,32,'Completed','Completed','2017-10-12 21:18:02','2017-10-12 21:18:11',1,1,1);

/*Table structure for table `mdl_retake` */

DROP TABLE IF EXISTS `mdl_retake`;

CREATE TABLE `mdl_retake` (
  `user_mpID` int(255) NOT NULL AUTO_INCREMENT,
  `userId` int(255) DEFAULT NULL,
  `moduleId` int(255) DEFAULT NULL,
  `status` varchar(255) DEFAULT NULL,
  `quiz_status` varchar(255) DEFAULT NULL,
  `datetime_start` datetime DEFAULT NULL,
  `datetime_end` datetime DEFAULT NULL,
  `quiz_total` int(255) DEFAULT NULL,
  PRIMARY KEY (`user_mpID`)
) ENGINE=InnoDB AUTO_INCREMENT=11 DEFAULT CHARSET=latin1;

/*Data for the table `mdl_retake` */

insert  into `mdl_retake`(`user_mpID`,`userId`,`moduleId`,`status`,`quiz_status`,`datetime_start`,`datetime_end`,`quiz_total`) values (1,97,2,'Completed','Completed','2017-07-26 11:48:58','2017-07-26 03:52:52',0),(2,97,2,'Completed','Completed','2017-07-26 03:53:33','2017-07-26 11:57:58',2),(3,97,1,'Completed','Completed','2017-08-04 08:59:16','2017-08-04 08:59:19',0),(4,97,1,'Completed','Completed','2017-08-04 08:59:58','2017-08-04 09:00:02',1),(5,97,5,'Completed','Completed','2017-08-04 09:03:46','2017-08-04 09:03:49',1),(6,97,5,'Completed','Completed','2017-08-04 09:04:07','2017-08-04 09:04:12',1),(7,97,21,'Completed','Completed','2017-09-13 11:48:04','2017-09-13 11:50:12',0),(8,97,21,'Completed','Completed','2017-09-18 15:03:05','2017-09-18 15:03:05',0),(9,97,32,'Completed','Completed','2017-10-12 21:16:19','2017-10-12 21:16:51',1),(10,97,32,'Completed','Completed','2017-10-12 21:17:26','2017-10-12 21:17:34',0);

/*Table structure for table `modules` */

DROP TABLE IF EXISTS `modules`;

CREATE TABLE `modules` (
  `id` int(11) NOT NULL AUTO_INCREMENT,
  `modulename` varchar(255) NOT NULL,
  `description` varchar(255) NOT NULL,
  `isUsed` varchar(255) NOT NULL,
  `questionId` int(11) NOT NULL,
  `wquestion` varchar(255) NOT NULL,
  PRIMARY KEY (`id`)
) ENGINE=InnoDB AUTO_INCREMENT=34 DEFAULT CHARSET=latin1;

/*Data for the table `modules` */

insert  into `modules`(`id`,`modulename`,`description`,`isUsed`,`questionId`,`wquestion`) values (1,'Module 1','Lorem ipsum dolor sit amet, consectetur adipiscing elit. Sed ut venenatis odio, vel auctor libero. ','0',0,''),(2,'M1','Module 1','0',0,''),(3,'Customer Service','','0',0,''),(4,'Work Etiquette & Characteristic','','0',0,''),(5,'arnold','111111111','0',0,''),(6,'Courier/Maintenance Personnel','','0',0,''),(7,'ONBOARDING','','0',0,''),(8,'Company Orientation','','0',0,''),(9,'arinolda','asd','0',0,''),(10,'Payroll','Payroll','0',0,''),(11,'Webinar','','0',0,''),(12,'On Boarding','','0',0,''),(13,'Maintenance Unit Manual',' Unit Manual','0',0,''),(14,'Customer Service','','0',0,''),(15,'Billing','Billing','0',0,''),(16,'NEW BILLING','NEW BILLING','0',0,''),(17,'Billing Again','Again','0',0,''),(18,'Module 1 ','Module 2 ','0',0,''),(19,'asd','asd','0',0,''),(20,'Emergency Awareness','Awareness Video','0',0,''),(21,'E-learning','','0',0,''),(22,'Policies','','0',0,''),(23,'Recruitment Process','Recruitment Process','0',0,''),(24,'5S and Work Etiquette','','0',0,''),(25,'Customer Service','','0',0,''),(26,'Emergency Awareness','','0',0,''),(27,'Work Instruction','','0',0,''),(28,'C1','\r\nM1','0',0,''),(29,'c','','0',0,''),(30,'C2','C2','0',0,''),(31,'C3','C3','0',0,''),(32,'H1','H111','0',0,''),(33,'Billing new','New Billing Course','0',0,'');

/*Table structure for table `qcounter` */

DROP TABLE IF EXISTS `qcounter`;

CREATE TABLE `qcounter` (
  `countId` int(11) NOT NULL AUTO_INCREMENT,
  `filler` varchar(255) NOT NULL,
  PRIMARY KEY (`countId`)
) ENGINE=InnoDB DEFAULT CHARSET=latin1;

/*Data for the table `qcounter` */

/*Table structure for table `questions` */

DROP TABLE IF EXISTS `questions`;

CREATE TABLE `questions` (
  `questionid` int(11) NOT NULL AUTO_INCREMENT,
  `questionimage` varchar(255) DEFAULT NULL,
  `questioncap` varchar(255) DEFAULT NULL,
  `moduleid` int(11) unsigned NOT NULL,
  `choicea` varchar(255) DEFAULT NULL,
  `choiceb` varchar(255) DEFAULT NULL,
  `choicec` varchar(255) DEFAULT NULL,
  `choiced` varchar(255) DEFAULT NULL,
  `imagea` varchar(255) DEFAULT NULL,
  `imageb` varchar(255) DEFAULT NULL,
  `imagec` varchar(255) DEFAULT NULL,
  `imaged` varchar(255) DEFAULT NULL,
  `questionanswer` varchar(255) DEFAULT NULL,
  PRIMARY KEY (`questionid`),
  UNIQUE KEY `questionId` (`questionid`)
) ENGINE=InnoDB AUTO_INCREMENT=23 DEFAULT CHARSET=latin1;

/*Data for the table `questions` */

insert  into `questions`(`questionid`,`questionimage`,`questioncap`,`moduleid`,`choicea`,`choiceb`,`choicec`,`choiced`,`imagea`,`imageb`,`imagec`,`imaged`,`questionanswer`) values (1,'','Who is the Medical Director/President of Halcyon Marine Healthcare System?',2,'Grace Guevarra','Aurora De Jesus','Dra. Glenda Canlas','Dra. Judy Halago','attachment/img/1.jpeg','attachment/img/2.jpeg','attachment/img/3.jpeg','attachment/img/4.jpeg','Dra. Glenda Canlas'),(2,'attachment/img/5.jpeg','When was Halcyon Marine Healthcare System established?',2,'Semptember 2006','October 2006','November 2006','December 2006','','','','','October 2006'),(3,'','What is a seabird known to those who sail?',2,'Hawfinch','Hamerkop','Halcyon','Halycon','','','','','Halcyon'),(4,'','Visitors should be discourage to wait for more than ',2,'15 mins','15 seconds','30 mins','30 seconds','attachment/img/6.jpeg','attachment/img/7.jpeg','attachment/img/8.jpeg','attachment/img/9.jpeg','30 mins'),(5,'','1+1',1,'12','1','1','1','','','','','1'),(6,'','qqqq',5,'q','q','q','q','','','','','q'),(7,'','A B C D E',12,'F ','G ','H ','A','','','','','A'),(8,'','F G H I J ',12,'K',' L','M','G','','','','','G'),(9,'','What is a seabird known to those who sail?',21,'Halycon','Halcyon','Seagull','Hawfinch','','','','','Halcyon'),(10,'','In what year was Halcyon Marine Healthcare Systems established?',21,'2004','2005','2006','2007','','','','','2006'),(11,'','In case of emergency, in what time should the staff inform their supervisor either thru text or call in order to avoid \"AWOL\"',21,'On or before 8 AM','On or before 8:30 AM','On or before 7:30 AM','On or before 9:30 AM','','','','','On or before 9:30 AM'),(12,'attachment/img/1.jpeg','What do you need to submit if you are not able to go to the office due to sickness for 2-3 days?',21,'Text Message and Letter','Letter and Pasalubong','Medical Certificate and Letter','Letter only','','','','','Medical Certificate and Letter'),(13,'','How many working hours are required during Thursday?',21,'6 Hours','7 Hours','8 Hours','9 Hours','','','','','8 Hours'),(14,'','Unapproved leave shall be considered as...?',21,'Late','Maternity Leave','Sick Leave','Absence without official Leave','','','','','Absence without official Leave'),(15,'','Any employee who have suggestions/complaints should bring up the matter to their _______?',21,'Mother','Supervisor/Manager','Security Personnel','None','','','','','Supervisor/Manager'),(16,'','_____ should be worn all the time while inside the company premises',21,'Uniform','Nametag','ID','Bag','','','','','ID'),(17,'','Failure of the employee to ______ their superior (3) three times in one month shall be meted a Disciplinary Action',21,'Inform/Text','Submit a letter','Report on work','None','','','','','Inform/Text'),(18,'','Denim pants/blouse are only allowed during _______?',21,'Monday','Sunday','Thursday ','Friday','','','','','Friday'),(19,'','Wearing of denim pants/blouse are only allowed during_____?',26,'Monday','Thursday','Friday','Tuesday','','','','','Friday'),(20,'','_____ should always be worn while inside the company premises',26,'Uniform','ID','Bag','Nametag','','','','','ID'),(21,'attachment/img/2.jpeg','This is the question',28,'letter a','letter b','letter c','letter d','attachment/img/3.jpeg','attachment/img/4.jpeg','','attachment/img/5.jpeg','letter c'),(22,'attachment/img/6.jpeg','eto yung tanong',32,'mali','mali','tama','mali','attachment/img/7.jpeg','attachment/img/8.jpeg','','attachment/img/9.jpeg','tama');

/*Table structure for table `result` */

DROP TABLE IF EXISTS `result`;

CREATE TABLE `result` (
  `resultid` int(255) NOT NULL AUTO_INCREMENT,
  `moduleId` int(255) NOT NULL,
  `questionid` int(255) NOT NULL,
  `userId` int(255) NOT NULL,
  `score` int(255) NOT NULL,
  `isAnswer` int(255) NOT NULL,
  PRIMARY KEY (`resultid`),
  KEY `FK_result` (`questionid`),
  CONSTRAINT `FK_result_questions_questionid` FOREIGN KEY (`questionid`) REFERENCES `questions` (`questionid`)
) ENGINE=InnoDB AUTO_INCREMENT=17 DEFAULT CHARSET=latin1;

/*Data for the table `result` */

insert  into `result`(`resultid`,`moduleId`,`questionid`,`userId`,`score`,`isAnswer`) values (1,1,5,97,1,1),(2,2,1,97,0,1),(3,2,2,97,1,1),(4,2,3,97,0,1),(5,2,4,97,0,1),(6,5,6,97,1,1),(7,2,1,226,0,1),(8,2,2,226,1,1),(9,2,3,226,1,1),(10,2,4,226,1,1),(11,12,7,226,0,0),(12,12,8,226,0,0),(13,28,21,97,1,1),(14,26,19,97,0,0),(15,26,20,97,0,0),(16,32,22,97,1,1);

/*Table structure for table `texttable` */

DROP TABLE IF EXISTS `texttable`;

CREATE TABLE `texttable` (
  `textid` int(11) NOT NULL AUTO_INCREMENT,
  `texttitle` varchar(255) NOT NULL,
  `description` text NOT NULL,
  `moduleid` int(11) NOT NULL,
  PRIMARY KEY (`textid`),
  KEY `FK_texttable_modules_moduleid` (`moduleid`),
  CONSTRAINT `FK_texttable_modules_moduleid` FOREIGN KEY (`moduleid`) REFERENCES `modules` (`id`)
) ENGINE=InnoDB AUTO_INCREMENT=27 DEFAULT CHARSET=latin1;

/*Data for the table `texttable` */

insert  into `texttable`(`textid`,`texttitle`,`description`,`moduleid`) values (2,'On-Boarding','WELCOME TO HALCYON MARINE HEALTHCARE SYSMTEMS',2),(3,'','                                   WORK ETIQUETTE\r\n                        WORKPLACE CHARACTERISTIC\r\n\r\n\r\n',4),(4,'Halcyon Marine Healthcare Systems','The Halcyon is a seabird known to those who sail. They lay their eggs on the beach in the middle of winter. When the eggs are hatching the waters are still and the weather is fine.\r\n\r\nTo the seafarers we serve- we wish them halcyon days, an untroubled time of peace and calm, as they journey the high seas.\r\n\r\nSince 2006 Halcyon Marine Healthcare Systems has been committed to ensuring and promoting the health and safety of the seafarer so that they may pursue long, productive and prosperous seafaring careers.\r\n\r\nThrough a fully computerized and modern medical screening process; electronic records and database; health promotion and patient education; coordination and collaboration with government agencies, insurers and shipowners, Halcyon Marine Healthcare Systems has anticipated and responded to the needs, expectations and changes in the maritime industry to remain at the forefront of maritime health care of the highest standard.\r\n\r\n',12),(5,'Welcome Aboard','Welcome to Halcyon Marine Healthcare Systems.\r\n\r\nWelcome aboard! ',12),(6,'','',13),(7,'Unit Manual','Objective\r\n\r\n\r\nThis policy is intended to ensure the safety and security of all employees, the management,\r\npatients, clients, consultants, business partners, guests and patients at all times, while inside the\r\nclinic premises.',13),(8,'Company Orientation','Welcome to Halcyon Marine Healthcare Systems',15),(10,'Life Saving TIps. :D','I know bringing your own lunch to work is very unpopular, either because it takes a lot of time to prepare it or it is embarrassing. I have had my share of taunts when I bring lunch to work. I remember a colleague asking me one time: nagtitipid ka ba? (Are you trying to save money?* believe me, it sounds more hurtful in Filipino) when I brought my baon (packed lunch) to work.\r\n\r\nHowever let me tell you that you could drastically cut down on your expenses on food if you bring packed lunch to work. If you work in a call center in Makati, you are most probably spending about seventy pesos per meal. But did you know that you could already make two meals with that same amount of money at home? Dont you always feel like those food concessionaires are selling you overpriced food?\r\n\r\nOne way to save money if you dont cook is buying a small can of tuna which costs about twenty pesos and it would be even healthier.\r\n\r\nWhile youre at it, why dont you stop buying overpriced snacks from the vendo and convenience store? Dont you know that you can save money buy buying in bulk from the supermarket? Most of the things that vending machines and convenience stores sell can be bought by bulk from the supermarket at half their prices. The truth is a lot of the food sold in offices located in Makati is just so overpriced that its not even funny. You probably think that paying ten pesos for something that you could get at five pesos is no big deal but when you do this every day it will surprise you on how much you could save if you just stop doing it.',17),(12,'JD','Job Title:	2D Echo Technician	\r\n			\r\n\r\n\r\nDivision:	Medical Division	\r\n\r\n\r\nDepartment/ Unit:	Medical Services Department\r\n				  Testing Unit	\r\n\r\n\r\nReports to:	Testing Supervisor/	\r\n				Medical Operations Manager\r\n\r\n\r\nSupervises:	None	\r\n\r\n\r\nWorking Days/Hours: Compressed Work Week Schedule\r\n				Mon/Tues/Wed/Friday: 8:00 AM to 6:00PM\r\n				Thursday: 8:00 AM to 5:00 PM',16),(13,'test','est',19),(14,'Company Policy','Company Policy Overiview\r\n\r\nI. Office Attire\r\nII. Identification Cards and Name Plates\r\nIII. Company Uniforms\r\nIV. Corporate Conduct and Behavior\r\nV. Personal Matter\r\nVI. Selling of Merchandise, Business, & Solicitation\r\nVII. Use of telephone and mobile phones\r\nVIII. Misuse of internet and network access\r\nIX. Use of Office Supplies\r\nX. Use of Equipments\r\nXI. Personal Mails\r\nXII. Staff Lokcer\r\nXIII. No Smoking Policy\r\nXIV. Sexual Harassment',22),(15,'Recruitment Process','Welcome to recruitment Process',23),(16,'About Halcyon','The Halcyon is a seabird known to those who sail. They lay their eggs on the beach in the middle of winter. When the eggs are hatching the waters are still and the weather is fine.\r\n\r\nTo the seafarers we serve- we wish them halcyon days, an untroubled time of peace and calm, as they journey the high seas.\r\n\r\nSince 2006 Halcyon Marine Healthcare Systems has been committed to ensuring and promoting the health and safety of the seafarer so that they may pursue long, productive and prosperous seafaring careers.\r\n\r\nThrough a fully computerized and modern medical screening process; electronic records and database; health promotion and patient education; coordination and collaboration with government agencies, insurers and shipowners, Halcyon Marine Healthcare Systems has anticipated and responded to the needs, expectations and changes in the maritime industry to remain at the forefront of maritime health care of the highest standard.',21),(18,'Customer Service','Good customer service is the lifeblood of any business.\r\n\r\n\r\nGood customer service is all about bringing customers back. And about sending them away happy - happy enough to pass positive feedback about your business along to others, who may then try the product or service you offer for themselves and in their turn become repeat customers.\r\n\r\n\r\n\r\nThe essence of good customer service is forming a relationship with customers  a relationship that that individual customer feels that he would like to pursue.\r\n\r\n\r\n\r\n\r\n\r\n',25),(19,'Introduction','This Chapter will focus on testing',28),(20,'Intro 2','Part 2',28),(21,'intro','this module is ',32),(22,'Halcyon is',' \r\nThe Halcyon is a seabird known to those who sail. They lay their eggs on the beach in the middle of winter. When the eggs are hatching the waters are still and the weather is fine. To the seafarers we serve- we wish them halcyon days, an untroubled time of peace and calm, as they journey the high seas.\r\n',21),(23,'Halcyon was established ...','Since 2006 Halcyon Marine Healthcare Systems has been committed to ensuring and promoting the health and safety of the seafarer so that they may pursue long, productive and prosperous seafaring careers. ',21),(24,'Through','Through a fully computerized and modern medical screening process; electronic records and database; health promotion and patient education; coordination and collaboration with government agencies, insurers and ship owners, Halcyon Marine Healthcare Systems has anticipated and responded to the needs, expectations and changes in the maritime industry to remain at the forefront of maritime health care of the highest standard.',21),(25,'GHASDASGHDF','Through its Laboratory Research Division (LRD), RITM shares its expertise to other laboratories through various trainings aimed at building laboratory technical capacity in infectious disease microbiology.\r\n\r\nOur regular trainings range from basic workshops on specimen collection to performance of specialized laboratory tests, from biosafety to ethical use of laboratory animals in research. Various platforms are offered, from virus isolation to bacterial detection; from microscopy to serologic and molecular techniques. Participants shall benefit much from experts from the laboratory divisions National Reference Laboratories and Core Facilities.\r\n\r\n \r\n\r\nANTI MICROBIAL REFERENCE SURVEILLANCE\r\n\r\nSurveillance of Fastidious Bacterial Pathogens Causing Respiratory and Invasive Infections in the Philippines\r\n\r\nBasic Aerobic bacteriology and Data Management training module (WHONET PROGRAM)\r\n\r\nTraining of Infrequently Isolated Bacteria (i.e. HACEK and other Non  Fermenting Organisms)\r\n\r\nData Management Training Module (WHONET PROGRAM)\r\n\r\n \r\n\r\nMOLECULAR BIOLOGY\r\n\r\nTraining Workshop on Molecular Diagnosis of Infectious Diseases by PCR\r\n\r\n \r\n\r\nMICRBIOLOGY\r\n\r\nGroup Training Course in the Laboratory Diagnosis of Medically Important Bacterial Pathogens\r\n\r\n ',16),(26,'Halcyon Is','The Halcyon is a seabird known to those who sail. They lay their eggs on the beach in the middle of winter. When the eggs are hatching the waters are still and the weather is fine.',33);

/*Table structure for table `videotable` */

DROP TABLE IF EXISTS `videotable`;

CREATE TABLE `videotable` (
  `videoid` int(11) NOT NULL AUTO_INCREMENT,
  `videotitle` varchar(255) NOT NULL,
  `videoname` varchar(255) NOT NULL,
  `moduleid` int(11) NOT NULL,
  PRIMARY KEY (`videoid`),
  KEY `FK_videotable_modules_moduleid` (`moduleid`),
  CONSTRAINT `FK_videotable_modules_moduleid` FOREIGN KEY (`moduleid`) REFERENCES `modules` (`id`)
) ENGINE=InnoDB AUTO_INCREMENT=38 DEFAULT CHARSET=latin1;

/*Data for the table `videotable` */

insert  into `videotable`(`videoid`,`videotitle`,`videoname`,`moduleid`) values (1,'v1','attachment/vid/240.mp4',2),(2,'V2','attachment/vid/241.mp4',2),(7,'arnuld','attachment/vid/293.mp4',1),(8,'ye','attachment/vid/294.mp4',1),(9,'yu','attachment/vid/295.mp4',1),(10,'test','attachment/vid/296.mp4',1),(11,'ved','attachment/vid/297.mp4',1),(13,'test','attachment/vid/300.mp4',1),(14,'V3 VIVO','attachment/vid/301.mp4',2),(16,'trtatat','attachment/vid/303.mp4',1),(17,'A','attachment/vid/305.mp4',3),(18,'Payroll Video','attachment/vid/357.mp4',10),(19,'Webinar','attachment/vid/369.mp4',11),(20,'Asthma Management','attachment/vid/370.mp4',11),(21,'Webinar I','attachment/vid/371.mp4',11),(22,'Customer Service','attachment/vid/373.mp4',12),(23,'','attachment/vid/379.mp4',12),(24,'Video','attachment/vid/381.mp4',15),(25,'video','attachment/vid/387.mp4',16),(27,'Clinic schedule','attachment/vid/6.mp4',23),(28,'procedure','attachment/vid/7.mp4',23),(29,'Fire Safety','attachment/vid/8.mp4',23),(30,'preparedness','attachment/vid/9.mp4',22),(32,'Earthquake Awareness','attachment/vid/11.mp4',21),(33,'Earthquake','attachment/vid/12.mp4',21),(34,'When the Earth shakes','attachment/vid/13.mp4',21),(35,'','attachment/vid/14.mp4',21),(36,'During Earthquake','attachment/vid/15.mp4',21),(37,'','attachment/vid/25.mp4',15);

/*!40101 SET SQL_MODE=@OLD_SQL_MODE */;
/*!40014 SET FOREIGN_KEY_CHECKS=@OLD_FOREIGN_KEY_CHECKS */;
/*!40014 SET UNIQUE_CHECKS=@OLD_UNIQUE_CHECKS */;
/*!40111 SET SQL_NOTES=@OLD_SQL_NOTES */;
